id,Label,oof_score,oof_pred
0,1,1.1067708333333333,1
1,1,2.53125,3
2,2,3.1770833333333335,3
3,1,3.5520833333333335,4
4,1,2.25,2
5,2,2.8697916666666665,3
6,3,3.2864583333333335,3
7,3,2.8177083333333335,3
8,4,4.119791666666667,4
9,1,2.734375,3
10,3,4.020833333333333,4
11,4,3.4739583333333335,4
12,4,2.7291666666666665,3
13,2,2.8854166666666665,3
14,5,4.822916666666667,5
15,2,3.921875,4
16,4,4.109375,4
17,5,3.1145833333333335,3
18,5,4.4375,5
19,4,3.859375,4
20,4,4.895833333333333,5
21,2,2.84375,3
22,5,4.552083333333333,5
23,5,3.2239583333333335,3
24,3,2.8697916666666665,3
25,2,2.3723958333333335,2
26,5,4.239583333333333,5
27,4,2.1223958333333335,2
28,4,3.3177083333333335,4
29,4,2.84375,3
30,4,4.010416666666667,4
31,5,4.510416666666667,5
32,5,3.3854166666666665,4
33,4,3.8020833333333335,4
34,3,1.4895833333333333,1
35,3,2.6041666666666665,3
36,3,1.8020833333333333,1
37,4,4.583333333333333,5
38,5,4.666666666666667,5
39,5,4.666666666666667,5
40,3,3.0520833333333335,3
41,5,3.3958333333333335,4
42,5,2.90625,3
43,5,3.1302083333333335,3
44,1,1.4739583333333333,1
45,4,3.765625,4
46,1,2.8229166666666665,3
47,5,4.473958333333333,5
48,4,3.3020833333333335,4
49,1,1.0911458333333333,1
50,4,4.244791666666667,5
51,3,3.3125,4
52,5,3.7395833333333335,4
53,4,3.4270833333333335,4
54,1,2.75,3
55,1,3.1614583333333335,3
56,2,3.0833333333333335,3
57,1,2.7552083333333335,3
58,1,1.5442708333333333,1
59,2,2.296875,2
60,4,4.916666666666667,5
61,3,3.953125,4
62,2,3.9375,4
63,5,4.510416666666667,5
64,4,3.4635416666666665,4
65,5,3.6822916666666665,4
66,3,3.9739583333333335,4
67,1,1.4895833333333333,1
68,4,3.6145833333333335,4
69,5,3.7447916666666665,4
70,3,3.2291666666666665,3
71,3,3.7708333333333335,4
72,5,3.1614583333333335,3
73,2,1.5260416666666667,1
74,4,3.0208333333333335,3
75,5,4.708333333333333,5
76,5,5.0,5
77,5,5.0,5
78,2,2.7395833333333335,3
79,3,4.192708333333333,5
80,1,1.5286458333333333,1
81,2,3.8802083333333335,4
82,3,4.03125,4
83,2,2.4375,2
84,3,2.609375,3
85,1,1.5364583333333333,1
86,5,4.65625,5
87,1,1.0182291666666667,1
88,1,1.0989583333333333,1
89,1,1.0130208333333333,1
90,2,4.229166666666667,5
91,4,4.1875,5
92,4,3.421875,4
93,3,3.2552083333333335,3
94,4,4.276041666666667,5
95,2,2.7135416666666665,3
96,4,2.9791666666666665,3
97,4,4.020833333333333,4
98,4,4.541666666666667,5
99,5,3.109375,3
100,3,2.4114583333333335,2
101,4,1.6692708333333333,1
102,3,2.75,3
103,1,2.4322916666666665,2
104,2,3.796875,4
105,1,2.2838541666666665,2
106,3,4.708333333333333,5
107,4,3.9739583333333335,4
108,1,3.9479166666666665,4
109,1,4.59375,5
110,3,4.625,5
111,5,3.8020833333333335,4
112,4,3.6302083333333335,4
113,2,3.6041666666666665,4
114,4,4.291666666666667,5
115,3,2.8541666666666665,3
116,1,2.0442708333333335,2
117,2,2.578125,3
118,1,2.84375,3
119,3,2.0729166666666665,2
120,1,4.244791666666667,5
121,3,3.140625,3
122,5,3.5104166666666665,4
123,5,2.4791666666666665,2
124,5,4.072916666666667,4
125,3,4.270833333333333,5
126,4,4.239583333333333,5
127,2,1.4557291666666667,1
128,3,3.2083333333333335,3
129,5,2.1536458333333335,2
130,4,4.416666666666667,5
131,3,4.109375,4
132,1,3.1614583333333335,3
133,2,1.9583333333333333,2
134,5,2.5989583333333335,3
135,5,2.6145833333333335,3
136,1,2.34375,2
137,1,1.4635416666666667,1
138,3,4.552083333333333,5
139,5,5.0,5
140,5,4.927083333333333,5
141,5,4.572916666666667,5
142,5,4.9375,5
143,3,2.6458333333333335,3
144,1,2.28125,2
145,4,2.2317708333333335,2
146,5,4.78125,5
147,1,1.0546875,1
148,1,3.8385416666666665,4
149,1,1.0,1
150,2,3.5,4
151,4,4.875,5
152,4,3.3020833333333335,4
153,1,3.1458333333333335,3
154,1,2.7604166666666665,3
155,5,3.2864583333333335,3
156,4,4.84375,5
157,1,3.71875,4
158,1,3.8958333333333335,4
159,2,3.4739583333333335,4
160,2,1.8723958333333333,1
161,3,4.104166666666667,4
162,4,1.1015625,1
163,5,4.385416666666667,5
164,1,1.2447916666666667,1
165,2,2.5520833333333335,3
166,1,1.6770833333333333,1
167,1,3.34375,4
168,3,1.96875,2
169,5,2.6875,3
170,5,4.34375,5
171,5,4.53125,5
172,4,3.4895833333333335,4
173,3,4.015625,4
174,1,4.052083333333333,4
175,4,4.71875,5
176,4,3.1145833333333335,3
177,4,2.8385416666666665,3
178,5,4.78125,5
179,3,2.796875,3
180,4,4.989583333333333,5
181,5,3.8229166666666665,4
182,2,3.1666666666666665,3
183,3,2.9375,3
184,1,4.166666666666667,4
185,4,3.7447916666666665,4
186,5,5.0,5
187,2,2.1119791666666665,2
188,5,3.3958333333333335,4
189,4,3.4427083333333335,4
190,2,3.3958333333333335,4
191,1,1.953125,2
192,2,4.135416666666667,4
193,5,4.458333333333333,5
194,4,4.057291666666667,4
195,3,2.9322916666666665,3
196,1,3.5260416666666665,4
197,1,2.0364583333333335,2
198,2,3.4635416666666665,4
199,3,2.3385416666666665,2
200,2,2.84375,3
201,5,4.677083333333333,5
202,5,4.979166666666667,5
203,5,5.0,5
204,4,4.864583333333333,5
205,2,2.1875,2
206,1,4.5625,5
207,2,4.348958333333333,5
208,3,4.140625,4
209,1,1.0234375,1
210,1,1.0338541666666667,1
211,4,3.515625,4
212,1,3.609375,4
213,4,3.6354166666666665,4
214,5,4.53125,5
215,4,3.734375,4
216,3,3.7239583333333335,4
217,1,3.5625,4
218,1,1.71875,1
219,5,2.8125,3
220,4,3.90625,4
221,5,4.322916666666667,5
222,5,4.625,5
223,3,4.34375,5
224,1,2.375,2
225,5,4.895833333333333,5
226,5,4.458333333333333,5
227,4,2.75,3
228,4,4.223958333333333,5
229,2,2.5052083333333335,2
230,5,5.0,5
231,4,4.130208333333333,4
232,4,2.6041666666666665,3
233,4,2.9583333333333335,3
234,3,3.0052083333333335,3
235,5,4.53125,5
236,1,1.1458333333333333,1
237,1,2.3489583333333335,2
238,1,2.546875,3
239,2,2.59375,3
240,2,3.078125,3
241,1,1.3229166666666667,1
242,3,4.875,5
243,3,4.213541666666667,5
244,4,3.9322916666666665,4
245,5,5.0,5
246,4,4.916666666666667,5
247,5,4.697916666666667,5
248,3,1.46875,1
249,1,1.1953125,1
250,1,1.0208333333333333,1
251,4,4.333333333333333,5
252,5,4.958333333333333,5
253,5,4.5625,5
254,1,1.1015625,1
255,2,2.2604166666666665,2
256,2,3.765625,4
257,5,4.234375,5
258,4,2.5677083333333335,3
259,5,4.864583333333333,5
260,1,2.8125,3
261,4,4.5,5
262,2,3.296875,4
263,4,4.557291666666667,5
264,3,4.494791666666667,5
265,3,4.203125,5
266,1,1.4322916666666667,1
267,1,1.4609375,1
268,2,2.8645833333333335,3
269,3,4.317708333333333,5
270,4,3.265625,3
271,5,4.854166666666667,5
272,5,4.427083333333333,5
273,4,3.2916666666666665,4
274,4,3.8333333333333335,4
275,5,4.9375,5
276,2,2.234375,2
277,2,4.833333333333333,5
278,1,2.1927083333333335,2
279,4,4.479166666666667,5
280,3,3.7395833333333335,4
281,1,1.4140625,1
282,5,4.010416666666667,4
283,4,4.4375,5
284,2,4.8125,5
285,4,4.708333333333333,5
286,1,1.3723958333333333,1
287,4,2.6041666666666665,3
288,1,2.1432291666666665,2
289,1,2.3229166666666665,2
290,1,3.5364583333333335,4
291,5,4.979166666666667,5
292,4,4.390625,5
293,5,5.0,5
294,1,2.3098958333333335,2
295,2,1.71875,1
296,3,3.8229166666666665,4
297,3,3.2864583333333335,3
298,4,4.635416666666667,5
299,5,3.8385416666666665,4
300,3,2.484375,2
301,2,3.5520833333333335,4
302,4,4.916666666666667,5
303,5,4.354166666666667,5
304,5,4.5625,5
305,1,1.4036458333333333,1
306,1,1.1119791666666667,1
307,1,2.2239583333333335,2
308,2,4.302083333333333,5
309,2,1.7421875,1
310,4,4.927083333333333,5
311,3,3.8958333333333335,4
312,3,2.6927083333333335,3
313,1,3.109375,3
314,2,3.9114583333333335,4
315,4,3.0,3
316,2,3.9947916666666665,4
317,5,3.9635416666666665,4
318,2,3.3020833333333335,4
319,3,4.302083333333333,5
320,1,4.5625,5
321,2,3.9114583333333335,4
322,5,4.25,5
323,4,4.046875,4
324,5,4.65625,5
325,2,3.8802083333333335,4
326,1,1.7630208333333333,1
327,5,3.5729166666666665,4
328,5,5.0,5
329,3,1.7161458333333333,1
330,1,2.8229166666666665,3
331,2,1.9296875,2
332,1,2.4765625,2
333,3,2.9114583333333335,3
334,5,3.671875,4
335,5,3.6041666666666665,4
336,3,4.510416666666667,5
337,1,2.78125,3
338,5,4.645833333333333,5
339,3,2.78125,3
340,1,2.5520833333333335,3
341,2,3.078125,3
342,5,5.0,5
343,2,1.5546875,1
344,1,2.53125,3
345,1,1.890625,1
346,1,1.0286458333333333,1
347,1,1.0,1
348,5,3.4322916666666665,4
349,4,3.578125,4
350,2,1.9010416666666667,2
351,2,4.552083333333333,5
352,5,3.6354166666666665,4
353,5,4.473958333333333,5
354,5,2.6354166666666665,3
355,5,3.796875,4
356,5,4.46875,5
357,2,2.75,3
358,3,3.5572916666666665,4
359,1,1.6614583333333333,1
360,3,2.2447916666666665,2
361,1,1.7135416666666667,1
362,1,1.3307291666666667,1
363,5,3.7552083333333335,4
364,2,2.0729166666666665,2
365,3,2.1223958333333335,2
366,4,1.7786458333333333,1
367,1,3.9010416666666665,4
368,2,2.8854166666666665,3
369,5,3.2916666666666665,4
370,4,3.375,4
371,3,3.3802083333333335,4
372,1,3.0520833333333335,3
373,1,2.4609375,2
374,4,3.78125,4
375,4,4.34375,5
376,1,3.3229166666666665,4
377,2,3.65625,4
378,1,2.671875,3
379,5,3.2083333333333335,3
380,3,3.1041666666666665,3
381,1,1.7161458333333333,1
382,2,4.46875,5
383,4,4.760416666666667,5
384,1,2.984375,3
385,1,2.0625,2
386,1,1.6588541666666667,1
387,1,1.0442708333333333,1
388,2,3.28125,3
389,3,4.958333333333333,5
390,2,2.234375,2
391,3,4.666666666666667,5
392,2,2.0989583333333335,2
393,4,2.9739583333333335,3
394,1,2.578125,3
395,2,4.3125,5
396,1,1.4010416666666667,1
397,3,4.395833333333333,5
398,4,5.0,5
399,3,4.958333333333333,5
400,2,3.8020833333333335,4
401,2,4.4375,5
402,1,3.4166666666666665,4
403,1,1.5234375,1
404,1,2.7864583333333335,3
405,3,1.21875,1
406,2,2.4322916666666665,2
407,1,2.5833333333333335,3
408,2,2.9375,3
409,1,1.0,1
410,2,4.53125,5
411,3,2.1354166666666665,2
412,4,4.364583333333333,5
413,1,1.078125,1
414,1,1.0,1
415,5,4.395833333333333,5
416,1,2.2942708333333335,2
417,3,2.6458333333333335,3
418,2,4.447916666666667,5
419,5,3.96875,4
420,3,3.0677083333333335,3
421,2,4.166666666666667,4
422,1,2.0598958333333335,2
423,5,3.9270833333333335,4
424,5,4.25,5
425,2,4.635416666666667,5
426,1,1.8776041666666667,1
427,3,1.5729166666666667,1
428,4,3.3854166666666665,4
429,1,1.0989583333333333,1
430,1,1.2734375,1
431,1,2.359375,2
432,1,2.5833333333333335,3
433,2,4.416666666666667,5
434,3,4.479166666666667,5
435,4,4.302083333333333,5
436,3,2.421875,2
437,5,3.703125,4
438,2,1.6484375,1
439,1,2.75,3
440,2,3.453125,4
441,1,2.609375,3
442,4,2.6822916666666665,3
443,5,4.385416666666667,5
444,5,4.8125,5
445,5,3.4791666666666665,4
446,2,2.578125,3
447,1,1.7083333333333333,1
448,1,1.7760416666666667,1
449,3,4.5,5
450,3,4.979166666666667,5
451,2,2.7447916666666665,3
452,5,4.255208333333333,5
453,5,4.098958333333333,4
454,1,1.1744791666666667,1
455,1,1.0,1
456,1,1.0,1
457,2,1.5729166666666667,1
458,2,3.2083333333333335,3
459,3,3.109375,3
460,2,3.015625,3
461,1,2.5885416666666665,3
462,3,3.46875,4
463,2,1.8151041666666667,1
464,2,1.9088541666666667,2
465,1,3.421875,4
466,1,1.4375,1
467,2,3.34375,4
468,4,3.4947916666666665,4
469,5,3.8697916666666665,4
470,3,3.8385416666666665,4
471,1,2.0859375,2
472,2,2.765625,3
473,1,1.4166666666666667,1
474,2,3.1510416666666665,3
475,4,4.895833333333333,5
476,4,5.0,5
477,1,2.859375,3
478,3,2.578125,3
479,1,3.5052083333333335,4
480,4,1.4973958333333333,1
481,3,2.3723958333333335,2
482,2,3.4375,4
483,1,1.421875,1
484,3,2.8020833333333335,3
485,3,3.0833333333333335,3
486,4,3.578125,4
487,1,2.3307291666666665,2
488,2,1.5963541666666667,1
489,5,2.90625,3
490,5,2.2708333333333335,2
491,4,3.0052083333333335,3
492,1,1.7942708333333333,1
493,2,4.151041666666667,4
494,3,3.0625,3
495,3,2.0598958333333335,2
496,5,4.791666666666667,5
497,4,3.296875,4
498,5,4.791666666666667,5
499,4,3.5833333333333335,4
500,5,2.484375,2
501,4,2.8802083333333335,3
502,5,4.875,5
503,5,4.276041666666667,5
504,2,2.7552083333333335,3
505,4,3.2552083333333335,3
506,2,3.0572916666666665,3
507,2,2.8333333333333335,3
508,5,2.4114583333333335,2
509,2,3.5729166666666665,4
510,3,2.8020833333333335,3
511,1,1.6510416666666667,1
512,5,4.34375,5
513,2,2.1901041666666665,2
514,1,1.546875,1
515,1,1.6875,1
516,2,2.140625,2
517,4,3.609375,4
518,5,3.53125,4
519,5,1.4973958333333333,1
520,2,3.7552083333333335,4
521,4,2.5520833333333335,3
522,5,5.0,5
523,2,1.6015625,1
524,1,3.6510416666666665,4
525,1,1.8619791666666667,1
526,1,1.9036458333333333,2
527,3,3.765625,4
528,2,1.765625,1
529,2,2.53125,3
530,1,3.625,4
531,2,1.4765625,1
532,3,2.1197916666666665,2
533,2,3.625,4
534,4,3.0729166666666665,3
535,3,2.4583333333333335,2
536,5,3.59375,4
537,5,3.1145833333333335,3
538,1,2.75,3
539,2,3.21875,3
540,5,3.9114583333333335,4
541,1,1.0234375,1
542,2,4.354166666666667,5
543,1,3.5677083333333335,4
544,1,1.71875,1
545,5,3.8177083333333335,4
546,3,2.0807291666666665,2
547,1,1.7291666666666667,1
548,5,3.5104166666666665,4
549,2,3.3541666666666665,4
550,5,4.302083333333333,5
551,1,2.9427083333333335,3
552,3,3.5260416666666665,4
553,2,3.8072916666666665,4
554,1,1.6640625,1
555,1,1.8645833333333333,1
556,3,2.9322916666666665,3
557,4,2.21875,2
558,5,4.119791666666667,4
559,2,1.6588541666666667,1
560,5,3.9166666666666665,4
561,3,2.5208333333333335,2
562,2,1.2265625,1
563,5,2.578125,3
564,5,4.34375,5
565,1,2.8177083333333335,3
566,2,3.171875,3
567,1,2.21875,2
568,1,2.0885416666666665,2
569,1,1.8828125,1
570,3,2.1380208333333335,2
571,1,1.0,1
572,1,2.8541666666666665,3
573,3,2.5520833333333335,3
574,4,3.4114583333333335,4
575,5,3.078125,3
576,1,1.078125,1
577,1,3.328125,4
578,1,3.2395833333333335,3
579,5,4.421875,5
580,2,1.2239583333333333,1
581,3,2.234375,2
582,4,3.8333333333333335,4
583,1,1.3125,1
584,3,3.3072916666666665,4
585,5,3.8385416666666665,4
586,2,2.4322916666666665,2
587,3,1.3046875,1
588,5,4.916666666666667,5
589,2,2.046875,2
590,3,4.453125,5
591,4,4.067708333333333,4
592,2,2.734375,3
593,1,1.3697916666666667,1
594,1,2.75,3
595,3,2.8229166666666665,3
596,2,1.4947916666666667,1
597,4,2.6302083333333335,3
598,5,2.484375,2
599,5,4.65625,5
600,3,4.119791666666667,4
601,1,2.1536458333333335,2
602,5,4.291666666666667,5
603,2,2.0338541666666665,2
604,5,2.6458333333333335,3
605,3,2.6510416666666665,3
606,4,3.8541666666666665,4
607,2,2.7135416666666665,3
608,1,3.6614583333333335,4
609,4,3.7708333333333335,4
610,5,3.734375,4
611,4,4.239583333333333,5
612,2,2.5052083333333335,2
613,1,4.390625,5
614,1,2.4114583333333335,2
615,3,1.96875,2
616,3,3.0677083333333335,3
617,2,2.1015625,2
618,4,3.8802083333333335,4
619,2,3.2604166666666665,3
620,4,4.65625,5
621,2,1.2135416666666667,1
622,1,4.541666666666667,5
623,2,2.1380208333333335,2
624,2,3.2447916666666665,3
625,4,4.96875,5
626,1,1.3072916666666667,1
627,2,2.1536458333333335,2
628,3,2.3333333333333335,2
629,2,2.7604166666666665,3
630,5,4.708333333333333,5
631,4,4.9375,5
632,2,1.9635416666666667,2
633,4,2.3489583333333335,2
634,3,2.453125,2
635,5,4.583333333333333,5
636,2,1.359375,1
637,1,1.9947916666666667,2
638,2,2.8802083333333335,3
639,1,4.34375,5
640,3,4.166666666666667,4
641,1,1.0052083333333333,1
642,1,1.078125,1
643,2,2.3255208333333335,2
644,5,2.46875,2
645,4,2.9010416666666665,3
646,3,3.84375,4
647,2,4.28125,5
648,2,3.6302083333333335,4
649,4,4.645833333333333,5
650,4,2.59375,3
651,3,2.625,3
652,2,1.5546875,1
653,2,3.1770833333333335,3
654,4,4.302083333333333,5
655,2,3.03125,3
656,3,3.171875,3
657,1,3.140625,3
658,1,3.0052083333333335,3
659,1,2.9427083333333335,3
660,2,3.5208333333333335,4
661,3,2.1770833333333335,2
662,1,1.3098958333333333,1
663,1,2.2213541666666665,2
664,5,1.8515625,1
665,1,2.2734375,2
666,1,1.734375,1
667,3,3.0364583333333335,3
668,2,3.8541666666666665,4
669,2,2.3072916666666665,2
670,3,2.2369791666666665,2
671,4,3.7604166666666665,4
672,1,1.4791666666666667,1
673,4,4.28125,5
674,2,3.515625,4
675,5,4.635416666666667,5
676,3,1.8828125,1
677,2,2.6979166666666665,3
678,2,2.4947916666666665,2
679,5,3.8229166666666665,4
680,4,2.4401041666666665,2
681,1,1.4869791666666667,1
682,5,1.8958333333333333,1
683,2,1.9401041666666667,2
684,1,2.4166666666666665,2
685,1,2.515625,2
686,2,2.703125,3
687,3,4.265625,5
688,3,2.28125,2
689,3,2.2473958333333335,2
690,1,3.1354166666666665,3
691,1,3.0989583333333335,3
692,2,4.088541666666667,4
693,4,3.9583333333333335,4
694,3,2.46875,2
695,2,2.4296875,2
696,3,3.03125,3
697,4,2.0338541666666665,2
698,1,1.7838541666666667,1
699,5,4.583333333333333,5
700,4,3.3072916666666665,4
701,5,3.7864583333333335,4
702,5,5.0,5
703,3,3.4895833333333335,4
704,5,2.84375,3
705,5,4.276041666666667,5
706,4,2.7135416666666665,3
707,5,2.671875,3
708,3,2.515625,2
709,3,3.390625,4
710,4,3.9166666666666665,4
711,2,2.4583333333333335,2
712,1,1.7291666666666667,1
714,2,4.614583333333333,5
715,3,2.140625,2
716,4,2.2630208333333335,2
717,4,4.6875,5
719,3,1.6927083333333333,1
720,2,3.625,4
721,1,1.6614583333333333,1
722,1,1.0078125,1
724,4,4.15625,4
726,2,4.166666666666667,4
727,3,3.3125,4
728,4,4.395833333333333,5
730,3,3.40625,4
731,5,4.3125,5
732,4,2.5572916666666665,3
733,4,2.765625,3
734,5,4.96875,5
735,3,3.71875,4
736,2,2.5208333333333335,2
737,1,1.96875,2
738,2,4.078125,4
739,3,2.0494791666666665,2
740,4,4.317708333333333,5
741,5,3.6666666666666665,4
742,1,1.0859375,1
745,1,1.25,1
746,3,2.8697916666666665,3
747,4,3.5625,4
750,2,2.109375,2
752,2,1.0,1
753,1,2.0989583333333335,2
754,4,2.984375,3
755,2,2.4869791666666665,2
757,1,4.1875,5
758,3,2.515625,2
759,3,2.1380208333333335,2
760,4,2.8072916666666665,3
761,2,2.5416666666666665,3
762,1,2.8645833333333335,3
763,4,3.734375,4
764,1,2.5885416666666665,3
766,1,2.2135416666666665,2
768,5,5.0,5
771,3,3.2916666666666665,4
772,4,3.015625,3
774,2,3.9375,4
775,3,1.3020833333333333,1
777,4,2.9739583333333335,3
778,3,1.2473958333333333,1
779,5,2.3203125,2
780,2,2.6927083333333335,3
781,1,2.1276041666666665,2
782,2,1.8854166666666667,1
783,1,3.734375,4
785,5,2.234375,2
786,3,2.734375,3
787,1,2.2890625,2
788,5,3.3229166666666665,4
789,2,1.8020833333333333,1
790,3,2.7916666666666665,3
791,1,2.796875,3
792,5,2.2083333333333335,2
793,4,3.2916666666666665,4
794,4,3.234375,3
795,1,2.4947916666666665,2
797,5,5.0,5
798,1,1.8385416666666667,1
801,2,2.8229166666666665,3
802,4,4.026041666666667,4
803,4,2.4947916666666665,2
804,1,1.0260416666666667,1
805,2,2.03125,2
806,4,2.9114583333333335,3
807,4,4.104166666666667,4
808,4,2.7395833333333335,3
810,2,3.234375,3
812,1,2.5677083333333335,3
813,1,1.3776041666666667,1
814,3,2.75,3
815,4,3.5989583333333335,4
816,2,4.005208333333333,4
817,4,3.546875,4
819,3,3.2916666666666665,4
821,2,2.1119791666666665,2
822,3,2.0911458333333335,2
823,4,2.5729166666666665,3
825,1,2.125,2
826,2,1.8880208333333333,1
827,4,3.0572916666666665,3
829,1,1.4192708333333333,1
830,2,4.09375,4
831,2,2.4427083333333335,2
832,1,2.1145833333333335,2
833,1,2.1536458333333335,2
836,3,3.6979166666666665,4
837,4,4.71875,5
838,4,3.6302083333333335,4
839,2,1.8515625,1
840,1,1.0833333333333333,1
841,5,3.3072916666666665,4
842,4,3.7447916666666665,4
843,4,3.2239583333333335,3
844,3,1.8385416666666667,1
845,3,1.296875,1
846,4,1.7265625,1
847,4,2.0026041666666665,2
848,5,4.385416666666667,5
850,3,2.796875,3
851,4,3.453125,4
852,2,1.3411458333333333,1
853,3,1.5833333333333333,1
854,1,1.6510416666666667,1
855,5,4.739583333333333,5
856,1,1.8151041666666667,1
858,2,3.3697916666666665,4
859,3,3.3125,4
860,3,1.25,1
861,1,1.6692708333333333,1
862,2,3.0052083333333335,3
864,1,2.5,2
865,4,3.7760416666666665,4
866,5,4.916666666666667,5
867,2,1.90625,2
869,3,1.3177083333333333,1
870,1,3.2447916666666665,3
871,3,2.5572916666666665,3
872,1,2.8229166666666665,3
875,1,2.8958333333333335,3
876,1,2.4479166666666665,2
880,4,2.6354166666666665,3
881,1,2.1119791666666665,2
882,3,2.2291666666666665,2
883,3,2.5234375,2
886,1,2.0052083333333335,2
887,1,2.84375,3
889,4,1.8984375,1
890,3,2.6614583333333335,3
891,1,1.0338541666666667,1
893,4,3.2552083333333335,3
894,1,1.3567708333333333,1
895,1,1.0,1
897,1,3.0989583333333335,3
898,4,3.7291666666666665,4
900,3,2.8333333333333335,3
901,4,4.520833333333333,5
902,5,4.729166666666667,5
904,4,3.1979166666666665,3
905,3,4.036458333333333,4
906,4,3.3072916666666665,4
907,2,1.6744791666666667,1
909,5,3.6979166666666665,4
913,2,2.0651041666666665,2
914,4,3.8541666666666665,4
915,5,4.026041666666667,4
916,1,1.2994791666666667,1
917,1,2.7552083333333335,3
921,2,2.703125,3
922,4,2.2447916666666665,2
923,3,1.3802083333333333,1
924,2,1.7369791666666667,1
925,4,3.3385416666666665,4
926,5,3.5677083333333335,4
927,5,4.098958333333333,4
928,3,2.0234375,2
932,3,3.5364583333333335,4
934,4,2.8385416666666665,3
935,1,2.0598958333333335,2
936,1,2.9166666666666665,3
938,5,4.135416666666667,4
941,1,1.8880208333333333,1
942,4,1.8177083333333333,1
943,1,1.7213541666666667,1
944,3,2.0416666666666665,2
945,1,1.1614583333333333,1
946,1,1.3177083333333333,1
948,2,3.3541666666666665,4
949,1,3.6927083333333335,4
950,1,1.0520833333333333,1
953,1,1.8984375,1
955,5,3.5364583333333335,4
956,2,1.5182291666666667,1
957,3,2.0,2
958,5,4.34375,5
960,2,3.5677083333333335,4
961,4,4.208333333333333,5
962,4,2.7447916666666665,3
964,4,3.8125,4
965,3,2.4166666666666665,2
966,3,1.8046875,1
967,4,2.5416666666666665,3
968,1,1.4427083333333333,1
969,4,2.5104166666666665,2
970,4,2.8854166666666665,3
971,4,2.515625,2
972,2,1.7395833333333333,1
973,4,3.1145833333333335,3
974,4,4.239583333333333,5
976,2,2.859375,3
977,4,3.453125,4
978,4,2.3125,2
980,2,2.7916666666666665,3
984,4,3.609375,4
985,3,2.5364583333333335,3
988,1,1.8541666666666667,1
992,3,2.7395833333333335,3
993,5,4.96875,5
994,5,3.4739583333333335,4
995,4,3.328125,4
1000,5,3.5729166666666665,4
1001,4,2.9010416666666665,3
1002,2,2.6979166666666665,3
1004,1,3.2447916666666665,3
1005,5,4.479166666666667,5
1008,3,2.8958333333333335,3
1009,2,2.3697916666666665,2
1010,4,4.354166666666667,5
1012,5,4.854166666666667,5
1014,1,1.0442708333333333,1
1015,4,1.9427083333333333,2
1016,5,2.7291666666666665,3
1017,3,1.2473958333333333,1
1018,4,2.5625,3
1019,2,1.7135416666666667,1
1020,1,1.0182291666666667,1
1022,1,1.125,1
1023,1,1.1979166666666667,1
1025,1,1.1510416666666667,1
1026,2,2.859375,3
1027,1,1.0260416666666667,1
1028,1,1.6692708333333333,1
1029,1,1.0572916666666667,1
1030,1,1.6041666666666667,1
1031,3,2.8697916666666665,3
1033,1,1.0,1
1034,1,1.5572916666666667,1
1035,1,1.0,1
1036,1,1.6067708333333333,1
1037,1,1.1848958333333333,1
1038,1,2.1666666666666665,2
1039,1,1.3046875,1
1040,1,1.4375,1
1041,4,1.5026041666666667,1
1043,1,1.2526041666666667,1
1044,1,1.0,1
1045,5,1.3828125,1
1046,1,1.0364583333333333,1
1047,1,1.0755208333333333,1
1048,1,1.0,1
1049,4,3.3020833333333335,4
1052,3,4.354166666666667,5
1055,4,3.4270833333333335,4
1056,3,2.625,3
1057,2,1.4635416666666667,1
1058,3,4.020833333333333,4
1059,2,1.8541666666666667,1
1062,1,3.0416666666666665,3
1063,3,2.0494791666666665,2
1064,3,3.0885416666666665,3
1065,4,3.8333333333333335,4
1069,3,2.5989583333333335,3
1070,4,3.9583333333333335,4
1071,3,1.9088541666666667,2
1072,5,3.9479166666666665,4
1073,5,1.7447916666666667,1
1075,3,2.0625,2
1076,2,2.6145833333333335,3
1077,3,1.6666666666666667,1
1078,3,2.1458333333333335,2
1079,1,1.4036458333333333,1
1080,1,1.9348958333333333,2
1081,3,2.6770833333333335,3
1084,3,3.3645833333333335,4
1085,2,1.75,1
1086,4,3.8541666666666665,4
1088,3,2.796875,3
1089,4,3.09375,3
1090,1,2.6458333333333335,3
1091,1,4.109375,4
1092,4,4.0,4
1093,5,2.9114583333333335,3
1094,4,4.161458333333333,4
1095,3,3.2239583333333335,3
1096,1,4.098958333333333,4
1097,4,1.4505208333333333,1
1098,3,4.359375,5
1099,2,2.8854166666666665,3
1100,1,1.4635416666666667,1
1101,4,4.25,5
1103,2,4.78125,5
1104,1,2.5208333333333335,2
1105,4,3.84375,4
1111,3,2.8697916666666665,3
1112,2,3.0104166666666665,3
1113,3,3.4322916666666665,4
1115,2,2.7604166666666665,3
1117,4,2.8125,3
1118,5,4.291666666666667,5
1119,3,2.5729166666666665,3
1121,5,3.6927083333333335,4
1124,3,2.1770833333333335,2
1125,3,4.427083333333333,5
1127,5,3.2291666666666665,3
1128,2,2.9375,3
1129,5,4.4375,5
1131,2,1.6380208333333333,1
1134,2,2.4739583333333335,2
1136,5,3.9166666666666665,4
1137,5,4.072916666666667,4
1139,3,2.4375,2
1141,5,4.979166666666667,5
1142,5,3.9479166666666665,4
1144,4,3.28125,3
1146,1,4.3125,5
1147,2,2.0729166666666665,2
1148,4,3.1822916666666665,3
1149,1,1.625,1
1151,3,2.2395833333333335,2
1152,3,2.8802083333333335,3
1153,4,3.2135416666666665,3
1154,4,2.2083333333333335,2
1155,3,1.4947916666666667,1
1156,1,1.1875,1
1158,1,1.2317708333333333,1
1159,1,1.0104166666666667,1
1160,1,1.046875,1
1162,1,1.0,1
1165,1,1.0078125,1
1166,1,1.0026041666666667,1
1167,1,1.2708333333333333,1
1168,1,1.2708333333333333,1
1169,1,1.2526041666666667,1
1170,2,1.3489583333333333,1
1173,1,3.15625,3
1174,2,1.8880208333333333,1
1175,1,1.21875,1
1176,1,1.9973958333333333,2
1177,1,1.1276041666666667,1
1181,1,1.0260416666666667,1
1183,1,1.1432291666666667,1
1184,1,1.625,1
1187,4,2.3125,2
1188,4,3.4947916666666665,4
1189,3,2.984375,3
1190,2,1.4557291666666667,1
1191,4,2.3229166666666665,2
1192,3,1.8125,1
1193,2,2.234375,2
1194,2,2.9322916666666665,3
1196,4,3.5625,4
1197,1,2.1796875,2
1198,3,3.328125,4
1199,4,3.8958333333333335,4
1200,3,2.8333333333333335,3
1201,3,4.088541666666667,4
1202,5,3.0677083333333335,3
1203,3,1.9010416666666667,2
1204,5,3.7916666666666665,4
1205,2,3.3541666666666665,4
1206,1,1.6171875,1
1210,2,1.8307291666666667,1
1212,3,2.4036458333333335,2
1213,4,4.03125,4
1215,2,2.7552083333333335,3
1216,4,2.875,3
1217,3,3.390625,4
1218,5,3.0416666666666665,3
1219,4,3.6927083333333335,4
1220,2,1.5208333333333333,1
1221,3,2.7291666666666665,3
1223,1,2.1171875,2
1224,4,4.479166666666667,5
1225,3,1.90625,2
1226,1,1.5651041666666667,1
1231,1,2.890625,3
1233,3,3.1822916666666665,3
1234,4,2.953125,3
1235,1,1.0442708333333333,1
1236,2,3.34375,4
1237,3,3.796875,4
1238,1,1.9713541666666667,2
1239,5,3.7291666666666665,4
1240,2,2.1354166666666665,2
1241,2,1.9921875,2
1242,1,1.6276041666666667,1
1243,5,2.8333333333333335,3
1245,4,3.4166666666666665,4
1246,2,2.234375,2
1247,1,1.5833333333333333,1
1249,2,3.6614583333333335,4
1250,3,2.9322916666666665,3
1251,3,3.4739583333333335,4
1252,2,1.890625,1
1253,3,2.7604166666666665,3
1256,3,2.140625,2
1257,5,4.84375,5
1258,2,3.8385416666666665,4
1259,3,2.75,3
1260,1,2.671875,3
1261,5,2.4166666666666665,2
1262,3,3.3802083333333335,4
1263,3,2.6302083333333335,3
1266,1,2.8229166666666665,3
1267,2,3.890625,4
1268,1,1.5989583333333333,1
1269,1,1.390625,1
1270,3,3.890625,4
1271,4,4.770833333333333,5
1272,2,3.8385416666666665,4
1273,4,3.9895833333333335,4
1274,3,3.484375,4
1276,4,4.265625,5
1277,5,2.859375,3
1278,3,2.09375,2
1279,5,4.395833333333333,5
1280,2,2.7552083333333335,3
1283,5,4.416666666666667,5
1284,1,3.421875,4
1285,3,3.6041666666666665,4
1286,3,2.515625,2
1287,2,2.890625,3
1288,3,2.3072916666666665,2
1289,4,4.364583333333333,5
1290,4,4.572916666666667,5
1291,3,4.130208333333333,4
1292,2,1.0,1
1293,1,2.4791666666666665,2
1294,2,2.0260416666666665,2
1295,2,2.4583333333333335,2
1297,3,2.3645833333333335,2
1300,5,3.8645833333333335,4
1301,4,3.453125,4
1303,4,1.359375,1
1304,5,3.7291666666666665,4
1306,5,4.885416666666667,5
1307,3,2.4583333333333335,2
1308,4,2.5520833333333335,3
1309,4,3.859375,4
1312,5,4.989583333333333,5
1314,4,4.140625,4
1315,5,3.8125,4
1316,5,4.677083333333333,5
1319,4,4.979166666666667,5
1322,3,1.9479166666666667,2
1323,2,2.453125,2
1324,3,3.6666666666666665,4
1325,4,3.6822916666666665,4
1326,4,3.7916666666666665,4
1327,5,3.46875,4
1328,5,4.90625,5
1331,5,4.770833333333333,5
1333,3,3.2708333333333335,3
1334,4,4.25,5
1335,4,4.333333333333333,5
1336,3,1.4869791666666667,1
1338,4,3.8229166666666665,4
1339,4,3.4479166666666665,4
1340,5,3.7291666666666665,4
1341,3,4.161458333333333,4
1344,4,2.3932291666666665,2
1345,4,3.7083333333333335,4
1346,1,1.1041666666666667,1
1348,5,4.208333333333333,5
1352,2,1.7786458333333333,1
1353,2,2.75,3
1355,4,3.53125,4
1356,4,2.984375,3
1357,1,2.1458333333333335,2
1358,5,4.15625,4
1359,4,3.75,4
1360,1,1.7526041666666667,1
1361,4,4.171875,4
1362,2,2.8645833333333335,3
1363,1,1.7317708333333333,1
1364,1,3.4166666666666665,4
1365,2,1.1484375,1
1366,4,3.6197916666666665,4
1367,3,4.4375,5
1369,4,3.5416666666666665,4
1371,3,2.265625,2
1373,1,1.0,1
1374,4,4.90625,5
1375,1,1.6588541666666667,1
1376,3,3.8229166666666665,4
1380,2,2.0651041666666665,2
1381,1,1.3828125,1
1382,4,3.078125,3
1383,3,2.2552083333333335,2
1384,2,2.40625,2
1385,1,1.6041666666666667,1
1386,2,2.3385416666666665,2
1387,5,4.447916666666667,5
1388,4,3.1666666666666665,3
1389,4,4.416666666666667,5
1390,5,4.458333333333333,5
1391,5,4.145833333333333,4
1392,5,4.96875,5
1394,2,3.1041666666666665,3
1396,5,3.4791666666666665,4
1397,4,3.3229166666666665,4
1398,3,3.609375,4
1399,5,4.708333333333333,5
1401,2,2.390625,2
1402,3,2.4479166666666665,2
1403,1,2.3489583333333335,2
1404,1,1.8203125,1
1406,5,4.625,5
1408,3,3.0,3
1409,1,2.5364583333333335,3
1410,3,4.046875,4
1411,4,4.979166666666667,5
1412,3,4.067708333333333,4
1413,2,1.9505208333333333,2
1414,2,3.46875,4
1415,1,1.4817708333333333,1
1416,4,1.8984375,1
1417,1,2.0520833333333335,2
1418,1,3.0833333333333335,3
1420,1,1.0390625,1
1421,1,1.9557291666666667,2
1422,1,1.0,1
1423,1,2.0885416666666665,2
1424,1,1.3776041666666667,1
1425,4,3.6875,4
1426,1,1.0,1
1428,2,2.0963541666666665,2
1430,1,2.3229166666666665,2
1431,2,2.171875,2
1432,1,1.6328125,1
1434,1,1.296875,1
1435,1,2.65625,3
1437,1,1.0,1
1438,1,1.3177083333333333,1
1439,1,1.4765625,1
1440,1,1.5442708333333333,1
1443,5,5.0,5
1445,1,1.8255208333333333,1
1446,2,1.7317708333333333,1
1447,4,3.1927083333333335,3
1448,1,1.8645833333333333,1
1449,1,1.4453125,1
1450,1,1.3776041666666667,1
1451,4,3.7291666666666665,4
1452,2,1.7942708333333333,1
1453,2,2.5989583333333335,3
1454,3,2.4427083333333335,2
1457,2,1.0651041666666667,1
1458,1,1.0338541666666667,1
1460,2,1.7708333333333333,1
1461,1,1.4296875,1
1462,5,4.260416666666667,5
1463,2,1.9036458333333333,2
1466,5,4.84375,5
1468,3,2.4114583333333335,2
1469,3,2.2083333333333335,2
1470,2,1.7239583333333333,1
1471,1,1.6953125,1
1472,3,2.6510416666666665,3
1473,2,1.9270833333333333,2
1474,1,1.34375,1
1475,1,2.0651041666666665,2
1476,3,1.6145833333333333,1
1477,3,2.6197916666666665,3
1478,2,1.5442708333333333,1
1479,2,1.9921875,2
1480,1,2.671875,3
1483,1,1.4739583333333333,1
1484,5,2.84375,3
1485,2,1.0703125,1
1489,3,2.9427083333333335,3
1490,1,1.1770833333333333,1
1491,2,2.109375,2
1492,5,4.760416666666667,5
1493,2,3.75,4
1494,1,2.5520833333333335,3
1495,1,1.828125,1
1496,2,3.6614583333333335,4
1497,5,4.90625,5
1498,3,1.8723958333333333,1
1499,1,1.9713541666666667,2
1501,3,2.2578125,2
1503,2,2.34375,2
1504,1,1.3619791666666667,1
1505,1,1.1927083333333333,1
1506,1,1.0677083333333333,1
1511,2,1.8385416666666667,1
1512,1,2.6458333333333335,3
1513,1,1.2838541666666667,1
1514,3,2.0416666666666665,2
1515,1,1.6328125,1
1516,3,4.067708333333333,4
1517,4,4.458333333333333,5
1518,5,2.4479166666666665,2
1519,3,1.4895833333333333,1
1520,2,1.8515625,1
1521,1,1.9348958333333333,2
1522,1,1.59375,1
1523,1,1.6041666666666667,1
1524,5,3.875,4
1525,2,1.2864583333333333,1
1526,2,1.640625,1
1527,3,1.9375,2
1528,2,1.4765625,1
1529,4,3.59375,4
1530,1,1.2890625,1
1532,4,2.8541666666666665,3
1533,2,1.8515625,1
1535,1,2.3411458333333335,2
1537,1,1.9453125,2
1538,1,1.296875,1
1539,1,1.6067708333333333,1
1541,2,2.875,3
1542,1,2.4635416666666665,2
1543,2,2.2916666666666665,2
1544,4,3.0729166666666665,3
1546,1,1.3151041666666667,1
1547,2,1.53125,1
1548,1,1.5651041666666667,1
1549,1,1.7083333333333333,1
1550,3,1.9609375,2
1551,4,2.3072916666666665,2
1552,3,1.9140625,2
1553,1,1.3072916666666667,1
1554,1,1.3177083333333333,1
1558,2,2.5052083333333335,2
1559,1,1.9817708333333333,2
1560,3,2.5833333333333335,3
1563,2,2.2005208333333335,2
1564,1,1.2421875,1
1565,1,1.21875,1
1566,3,1.1119791666666667,1
1568,1,1.2786458333333333,1
1570,3,1.5598958333333333,1
1571,4,4.864583333333333,5
1572,3,1.7473958333333333,1
1574,1,1.0,1
1575,4,4.25,5
1576,3,1.4010416666666667,1
1577,1,2.484375,2
1578,3,1.9869791666666667,2
1580,4,1.703125,1
1582,1,1.4166666666666667,1
1584,3,1.6067708333333333,1
1585,2,1.0,1
1587,2,2.0364583333333335,2
1588,3,1.1458333333333333,1
1590,1,1.0,1
1591,1,1.6770833333333333,1
1593,1,1.3515625,1
1594,1,1.3098958333333333,1
1595,1,2.0364583333333335,2
1596,3,3.265625,3
1597,2,2.4791666666666665,2
1598,3,2.5338541666666665,3
1599,2,1.3385416666666667,1
1600,1,1.0442708333333333,1
1601,1,1.0677083333333333,1
1604,1,1.0078125,1
1605,1,1.0729166666666667,1
1606,4,2.8541666666666665,3
1607,4,2.4635416666666665,2
1608,4,1.8385416666666667,1
1609,3,1.2395833333333333,1
1610,3,1.7005208333333333,1
1611,1,1.8619791666666667,1
1612,5,5.0,5
1614,2,1.7942708333333333,1
1617,2,1.6848958333333333,1
1618,1,1.078125,1
1619,1,1.5364583333333333,1
1620,5,4.572916666666667,5
1621,5,4.520833333333333,5
1622,3,1.0,1
1624,5,4.286458333333333,5
1625,1,1.3515625,1
1628,3,1.7447916666666667,1
1630,3,1.7578125,1
1631,1,1.2369791666666667,1
1633,2,2.1979166666666665,2
1634,2,3.1197916666666665,3
1635,3,2.9427083333333335,3
1636,1,2.1770833333333335,2
1638,2,2.0026041666666665,2
1639,1,1.6484375,1
1640,1,1.9453125,2
1641,3,1.546875,1
1642,2,1.7526041666666667,1
1643,1,1.8359375,1
1645,3,2.4322916666666665,2
1646,5,2.0026041666666665,2
1647,2,1.9192708333333333,2
1650,2,1.6354166666666667,1
1651,1,4.239583333333333,5
1652,3,1.3880208333333333,1
1653,2,3.7916666666666665,4
1654,2,1.5755208333333333,1
1655,4,4.59375,5
1656,1,1.2682291666666667,1
1657,2,1.84375,1
1658,3,1.3828125,1
1659,2,4.203125,5
1660,4,3.609375,4
1661,3,2.0885416666666665,2
1663,2,1.6510416666666667,1
1665,2,1.2239583333333333,1
1666,1,1.8828125,1
1667,1,1.6614583333333333,1
1668,1,2.1875,2
1669,1,1.71875,1
1670,2,1.2552083333333333,1
1671,3,3.234375,3
1672,2,1.703125,1
1674,3,2.3333333333333335,2
1675,2,2.6875,3
1677,1,1.3489583333333333,1
1679,1,1.0078125,1
1680,1,1.0859375,1
1681,1,1.1171875,1
1682,1,1.0182291666666667,1
1683,3,1.7291666666666667,1
1684,4,1.5911458333333333,1
1685,1,1.7552083333333333,1
1686,3,1.7838541666666667,1
1687,1,1.734375,1
1688,1,1.7526041666666667,1
1689,4,3.4010416666666665,4
1690,1,1.0,1
1691,4,4.166666666666667,4
1692,1,1.0,1
1693,4,1.9947916666666667,2
1694,4,2.9114583333333335,3
1695,2,1.6328125,1
1696,3,2.71875,3
1697,3,2.5755208333333335,3
1702,1,1.7135416666666667,1
1703,3,2.4166666666666665,2
1705,5,4.244791666666667,5
1706,3,1.0416666666666667,1
1707,4,2.609375,3
1708,2,1.0963541666666667,1
1709,2,1.5234375,1
1711,2,1.9895833333333333,2
1712,1,1.6041666666666667,1
1713,3,2.1953125,2
1714,3,1.4322916666666667,1
1715,4,4.270833333333333,5
1716,3,2.9427083333333335,3
1719,4,2.1510416666666665,2
1720,5,3.328125,4
1721,4,3.1354166666666665,3
1722,2,2.234375,2
1724,4,2.6354166666666665,3
1726,2,1.7291666666666667,1
1727,1,3.1875,3
1728,2,1.5963541666666667,1
1729,4,3.90625,4
1730,1,2.0677083333333335,2
1731,2,1.7630208333333333,1
1732,1,1.6510416666666667,1
1734,3,2.6458333333333335,3
1735,1,1.0,1
1738,1,1.7109375,1
1739,2,1.546875,1
1740,1,4.338541666666667,5
1741,4,4.927083333333333,5
1742,4,4.572916666666667,5
1743,2,2.4166666666666665,2
1744,5,4.645833333333333,5
1745,1,1.0130208333333333,1
1746,5,5.0,5
1748,3,3.1458333333333335,3
1749,1,1.015625,1
1750,1,1.5885416666666667,1
1751,1,1.0,1
1752,1,1.671875,1
1755,1,1.0364583333333333,1
1756,1,1.46875,1
1758,1,1.1848958333333333,1
1759,2,1.1848958333333333,1
1760,1,1.5,1
1762,1,1.609375,1
1763,1,4.4375,5
1765,1,1.4140625,1
1766,3,2.1614583333333335,2
1769,2,1.2786458333333333,1
1770,3,2.9375,3
1772,1,1.71875,1
1774,1,1.1744791666666667,1
1775,1,1.5390625,1
1776,2,2.3880208333333335,2
1777,1,1.6770833333333333,1
1779,3,1.5807291666666667,1
1781,3,2.8333333333333335,3
1782,2,2.0390625,2
1783,4,4.322916666666667,5
1784,1,1.0755208333333333,1
1786,2,3.3333333333333335,4
1787,3,2.859375,3
1788,1,1.9010416666666667,2
1789,1,1.2682291666666667,1
1790,1,2.8541666666666665,3
1792,1,2.125,2
1793,1,1.9296875,2
1794,2,1.8567708333333333,1
1795,1,1.640625,1
1796,1,1.2473958333333333,1
1797,1,2.7135416666666665,3
1798,3,3.2291666666666665,3
1799,5,4.979166666666667,5
1801,2,1.9348958333333333,2
1805,1,1.578125,1
1807,1,1.9348958333333333,2
1808,3,1.9791666666666667,2
1809,3,4.078125,4
1810,3,2.1302083333333335,2
1811,3,1.1145833333333333,1
1815,2,1.3098958333333333,1
1818,1,1.3880208333333333,1
1819,1,1.7369791666666667,1
1820,1,1.9895833333333333,2
1821,1,3.140625,3
1822,2,1.9947916666666667,2
1823,1,1.125,1
1825,1,1.0104166666666667,1
1826,2,2.671875,3
1829,1,1.4739583333333333,1
1830,4,3.1822916666666665,3
1831,1,1.0364583333333333,1
1832,5,4.75,5
1833,2,2.5833333333333335,3
1836,3,2.6354166666666665,3
1839,2,2.1927083333333335,2
1840,1,1.0,1
1841,3,2.2890625,2
1842,1,2.2161458333333335,2
1843,2,2.1536458333333335,2
1844,1,1.9375,2
1845,4,3.25,3
1846,2,2.0572916666666665,2
1847,1,1.0078125,1
1848,1,1.0260416666666667,1
1849,1,1.0,1
1850,2,2.1197916666666665,2
1852,1,1.7239583333333333,1
1853,1,1.2942708333333333,1
1854,1,1.3411458333333333,1
1855,1,1.4609375,1
1856,2,2.6458333333333335,3
1857,1,1.5286458333333333,1
1858,5,3.8333333333333335,4
1860,2,2.3125,2
1861,4,2.453125,2
1862,3,2.2682291666666665,2
1863,3,2.1901041666666665,2
1864,3,2.4765625,2
1866,2,1.5338541666666667,1
1867,1,1.3932291666666667,1
1868,1,1.0234375,1
1869,2,1.2526041666666667,1
1870,3,2.1796875,2
1871,3,1.4635416666666667,1
1872,4,2.96875,3
1874,1,2.2552083333333335,2
1875,2,1.8359375,1
1876,1,2.4296875,2
1878,4,2.4947916666666665,2
1879,3,2.171875,2
1880,1,1.6197916666666667,1
1881,2,1.1484375,1
1882,4,4.15625,4
1883,3,2.4427083333333335,2
1884,1,1.390625,1
1885,2,3.5989583333333335,4
1886,1,2.3177083333333335,2
1888,2,1.5104166666666667,1
1889,1,1.4036458333333333,1
1891,1,1.3125,1
1892,2,2.7395833333333335,3
1897,2,1.3489583333333333,1
1898,1,2.0364583333333335,2
1899,1,1.4270833333333333,1
1901,1,1.6145833333333333,1
1902,1,2.0651041666666665,2
1903,1,1.125,1
1905,1,1.140625,1
1906,4,3.078125,3
1909,1,1.0963541666666667,1
1911,1,1.4348958333333333,1
1912,1,2.1692708333333335,2
1913,1,1.7005208333333333,1
1914,1,1.5234375,1
1915,5,3.8385416666666665,4
1916,4,2.1302083333333335,2
1917,1,1.6328125,1
1918,1,1.4114583333333333,1
1919,2,2.671875,3
1923,2,2.4791666666666665,2
1924,1,1.015625,1
1926,4,1.3333333333333333,1
1927,1,1.890625,1
1928,4,2.2135416666666665,2
1929,3,2.4322916666666665,2
1930,1,1.984375,2
1932,5,3.4322916666666665,4
1933,5,3.5520833333333335,4
1934,5,5.0,5
1935,5,4.364583333333333,5
1936,4,2.6145833333333335,3
1938,5,2.8333333333333335,3
1939,5,3.1354166666666665,3
1940,5,3.015625,3
1941,2,1.3932291666666667,1
1942,4,1.8984375,1
1943,4,2.9270833333333335,3
1945,3,1.9140625,2
1946,4,3.9010416666666665,4
1947,1,2.0052083333333335,2
1948,4,2.46875,2
1950,5,4.328125,5
1951,3,2.78125,3
1952,5,3.9479166666666665,4
1953,5,3.6614583333333335,4
1954,4,3.109375,3
1956,2,1.984375,2
1957,4,1.796875,1
1958,1,1.0989583333333333,1
1959,1,1.1354166666666667,1
1960,1,1.0,1
1961,1,1.0,1
1962,2,2.8489583333333335,3
1965,1,1.2395833333333333,1
1966,1,2.1666666666666665,2
1967,3,1.4036458333333333,1
1968,3,1.5078125,1
1970,2,2.3802083333333335,2
1973,2,1.4453125,1
1974,2,2.1588541666666665,2
1975,2,2.421875,2
1976,1,1.21875,1
1977,1,2.421875,2
1979,4,2.625,3
1980,2,1.6041666666666667,1
1981,5,4.473958333333333,5
1982,5,4.072916666666667,4
1983,2,1.7760416666666667,1
1984,1,1.5572916666666667,1
1985,2,2.03125,2
1987,2,1.7239583333333333,1
1991,4,2.8645833333333335,3
1994,1,1.125,1
1995,1,1.2473958333333333,1
1996,1,2.828125,3
1997,2,2.0755208333333335,2
2000,3,2.9739583333333335,3
2001,1,2.1822916666666665,2
2002,3,2.828125,3
2003,1,1.6588541666666667,1
2004,2,2.2213541666666665,2
2005,5,4.71875,5
2006,1,1.4270833333333333,1
2008,5,4.885416666666667,5
2009,2,2.4114583333333335,2
2011,4,1.8307291666666667,1
2012,1,1.1822916666666667,1
2013,1,1.0338541666666667,1
2014,3,2.7291666666666665,3
2015,1,1.6041666666666667,1
2016,2,1.2916666666666667,1
2018,1,1.1015625,1
2019,1,1.3776041666666667,1
2020,1,1.5078125,1
2021,5,2.609375,3
2023,1,1.8828125,1
2024,2,1.8333333333333333,1
2025,1,2.015625,2
2026,3,3.5729166666666665,4
2027,4,1.5104166666666667,1
2028,1,1.65625,1
2029,1,2.0234375,2
2031,3,1.3307291666666667,1
2034,1,2.484375,2
2035,1,1.4010416666666667,1
2036,1,1.7708333333333333,1
2038,1,3.015625,3
2039,1,2.3098958333333335,2
2040,1,1.6432291666666667,1
2042,1,2.5364583333333335,3
2043,5,4.614583333333333,5
2044,1,1.859375,1
2045,4,3.0104166666666665,3
2046,1,2.5625,3
2047,2,3.2864583333333335,3
2048,1,2.1614583333333335,2
2049,4,1.7734375,1
2050,1,1.5651041666666667,1
2051,4,2.6458333333333335,3
2053,1,2.1848958333333335,2
2054,1,1.8671875,1
2055,1,1.7161458333333333,1
2056,1,2.109375,2
2058,3,1.6015625,1
2063,2,2.9270833333333335,3
2065,1,1.0520833333333333,1
2067,1,1.15625,1
2068,3,1.6822916666666667,1
2069,3,3.25,3
2070,1,3.0729166666666665,3
2071,1,1.8776041666666667,1
2072,3,3.2395833333333335,3
2073,3,2.3489583333333335,2
2075,2,1.7005208333333333,1
2076,1,1.1302083333333333,1
2077,1,1.5989583333333333,1
2079,4,1.40625,1
2080,2,2.546875,3
2081,2,1.515625,1
2084,1,2.390625,2
2085,4,2.6927083333333335,3
2086,1,1.453125,1
2088,3,1.7135416666666667,1
2090,2,1.171875,1
2091,1,1.2369791666666667,1
2092,2,2.71875,3
2094,1,2.3359375,2
2095,5,2.7578125,3
2096,2,1.9739583333333333,2
2097,1,1.4036458333333333,1
2099,2,2.0416666666666665,2
2100,2,1.4427083333333333,1
2101,1,1.9192708333333333,2
2104,1,1.5494791666666667,1
2105,1,1.4322916666666667,1
2107,3,1.515625,1
2108,1,2.0651041666666665,2
2109,1,1.2708333333333333,1
2110,1,1.9192708333333333,2
2111,1,2.484375,2
2115,1,1.2213541666666667,1
2116,1,2.1067708333333335,2
2117,2,3.0729166666666665,3
2118,1,1.640625,1
2119,1,1.375,1
2123,1,2.1276041666666665,2
2124,1,1.3072916666666667,1
2125,1,1.9036458333333333,2
2126,3,1.625,1
2127,2,2.5364583333333335,3
2128,4,2.921875,3
2129,4,3.296875,4
2131,1,1.3489583333333333,1
2132,3,3.9375,4
2133,5,5.0,5
2134,1,1.6953125,1
2135,2,1.6067708333333333,1
2137,3,2.3177083333333335,2
2138,1,1.0,1
2139,1,1.0052083333333333,1
2140,2,1.7604166666666667,1
2141,1,2.09375,2
2142,5,3.515625,4
2143,3,1.0520833333333333,1
2145,1,1.3359375,1
2146,1,1.2630208333333333,1
2147,3,2.1901041666666665,2
2150,1,1.53125,1
2151,1,1.9869791666666667,2
2152,4,2.5833333333333335,3
2155,3,1.5182291666666667,1
2157,1,1.8697916666666667,1
2158,1,2.03125,2
2159,1,1.1640625,1
2160,1,2.3229166666666665,2
2162,1,1.6145833333333333,1
2163,4,4.8125,5
2164,1,1.8567708333333333,1
2166,3,2.1171875,2
2168,3,1.3619791666666667,1
2169,3,3.0104166666666665,3
2170,1,1.1328125,1
2171,5,3.90625,4
2172,3,3.1041666666666665,3
2173,1,1.71875,1
2174,2,2.375,2
2175,4,2.3541666666666665,2
2176,3,1.6119791666666667,1
2177,1,1.0,1
2178,2,1.9505208333333333,2
2179,2,1.9713541666666667,2
2181,2,2.2369791666666665,2
2182,1,1.6614583333333333,1
2183,5,4.802083333333333,5
2184,5,4.255208333333333,5
2185,1,1.4270833333333333,1
2187,3,2.203125,2
2189,2,1.9427083333333333,2
2192,1,1.4479166666666667,1
2193,1,1.375,1
2195,3,1.75,1
2196,1,1.1145833333333333,1
2197,2,2.7864583333333335,3
2198,2,1.1640625,1
2200,1,1.0390625,1
2201,1,2.2395833333333335,2
2202,2,2.1666666666666665,2
2203,3,1.8177083333333333,1
2204,1,2.09375,2
2207,3,1.2630208333333333,1
2212,1,1.0598958333333333,1
2213,1,1.1536458333333333,1
2214,1,1.1640625,1
2215,2,1.4296875,1
2216,1,1.0677083333333333,1
2217,1,1.0,1
2218,1,1.0078125,1
2219,1,1.0,1
2220,1,1.0,1
2221,1,3.2916666666666665,4
2222,2,1.5885416666666667,1
2223,3,1.421875,1
2224,1,1.1848958333333333,1
2226,1,1.84375,1
2227,3,2.3645833333333335,2
2228,3,2.828125,3
2229,3,2.640625,3
2231,1,1.4635416666666667,1
2232,2,2.25,2
2233,1,1.3515625,1
2234,2,2.0911458333333335,2
2235,1,1.1796875,1
2236,1,3.2135416666666665,3
2238,1,1.8541666666666667,1
2239,1,2.1510416666666665,2
2240,4,2.9739583333333335,3
2241,1,1.3255208333333333,1
2242,4,3.4166666666666665,4
2243,3,2.109375,2
2244,1,1.6067708333333333,1
2245,1,1.671875,1
2246,1,2.8489583333333335,3
2248,1,1.7604166666666667,1
2249,1,1.2604166666666667,1
2250,1,2.078125,2
2252,2,1.9192708333333333,2
2253,4,1.5442708333333333,1
2254,3,2.796875,3
2255,2,2.5885416666666665,3
2256,3,2.3020833333333335,2
2257,4,2.8072916666666665,3
2260,4,2.1119791666666665,2
2261,2,3.390625,4
2263,1,1.7838541666666667,1
2267,1,1.25,1
2268,2,1.4921875,1
2270,3,1.9036458333333333,2
2271,4,1.2135416666666667,1
2272,2,1.5416666666666667,1
2273,1,2.3072916666666665,2
2274,2,3.2864583333333335,3
2276,1,1.0234375,1
2278,1,3.34375,4
2279,4,3.3645833333333335,4
2280,1,1.90625,2
2281,4,1.7994791666666667,1
2283,1,2.4427083333333335,2
2285,1,1.2265625,1
2286,1,1.6354166666666667,1
2287,1,1.4895833333333333,1
2288,2,1.4947916666666667,1
2289,1,1.1380208333333333,1
2291,5,2.8958333333333335,3
2293,1,1.5572916666666667,1
2294,1,1.046875,1
2295,1,1.0,1
2297,1,1.5364583333333333,1
2298,3,2.1067708333333335,2
2299,1,1.0,1
2300,1,1.0,1
2301,1,1.0520833333333333,1
2302,3,1.4739583333333333,1
2303,1,2.3958333333333335,2
2306,3,2.125,2
2307,2,1.0859375,1
2308,1,1.1223958333333333,1
2309,3,1.2083333333333333,1
2310,2,1.9921875,2
2311,1,1.0755208333333333,1
2312,1,1.9166666666666667,2
2313,1,1.6276041666666667,1
2314,3,2.1119791666666665,2
2315,1,1.7473958333333333,1
2316,1,1.578125,1
2317,3,3.3020833333333335,4
2318,2,3.4635416666666665,4
2319,2,2.734375,3
2320,2,1.8203125,1
2321,4,1.3697916666666667,1
2323,2,3.171875,3
2324,1,1.4973958333333333,1
2325,1,1.734375,1
2327,1,1.9244791666666667,2
2328,4,2.4947916666666665,2
2330,4,2.1015625,2
2331,3,2.0286458333333335,2
2332,1,1.0989583333333333,1
2333,2,1.3880208333333333,1
2334,1,1.890625,1
2335,3,1.8567708333333333,1
2336,1,1.3802083333333333,1
2337,2,1.4505208333333333,1
2338,1,2.4661458333333335,2
2340,3,2.6119791666666665,3
2341,2,1.6354166666666667,1
2342,1,1.7994791666666667,1
2343,2,1.9427083333333333,2
2345,1,1.3385416666666667,1
2347,3,2.0338541666666665,2
2348,1,2.1744791666666665,2
2349,1,1.0755208333333333,1
2350,1,1.2369791666666667,1
2351,2,1.1848958333333333,1
2352,1,1.3984375,1
2353,1,1.734375,1
2355,3,1.6015625,1
2359,1,1.28125,1
2361,2,2.1302083333333335,2
2362,1,3.8072916666666665,4
2363,1,1.2447916666666667,1
2364,1,1.5651041666666667,1
2365,1,1.0833333333333333,1
2366,2,1.3541666666666667,1
2367,1,1.2317708333333333,1
2368,1,1.03125,1
2369,5,2.875,3
2370,1,1.546875,1
2371,2,1.9505208333333333,2
2372,1,1.8984375,1
2373,2,2.4739583333333335,2
2374,1,1.5182291666666667,1
2375,1,1.6458333333333333,1
2376,1,1.2369791666666667,1
2377,1,1.1354166666666667,1
2378,1,1.2135416666666667,1
2379,4,2.5572916666666665,3
2380,3,3.140625,3
2382,4,2.9791666666666665,3
2383,5,2.5260416666666665,3
2384,3,2.3177083333333335,2
2385,2,1.8619791666666667,1
2386,1,1.2057291666666667,1
2387,3,2.6875,3
2388,1,1.4869791666666667,1
2389,2,2.0234375,2
2391,1,1.0026041666666667,1
2392,1,1.1666666666666667,1
2393,1,1.8932291666666667,1
2394,1,1.0859375,1
2395,1,1.4088541666666667,1
2396,2,1.6354166666666667,1
2398,1,1.4713541666666667,1
2399,3,3.5729166666666665,4
2401,3,1.9791666666666667,2
2402,1,1.7005208333333333,1
2403,1,1.1692708333333333,1
2404,2,1.2369791666666667,1
2405,3,2.046875,2
2407,4,3.1822916666666665,3
2411,1,1.4635416666666667,1
2412,3,2.9322916666666665,3
2413,4,2.4270833333333335,2
2414,1,1.5807291666666667,1
2415,1,1.5911458333333333,1
2416,3,2.921875,3
2417,1,1.8151041666666667,1
2418,1,1.2734375,1
2422,2,1.6822916666666667,1
2425,3,2.046875,2
2426,1,1.5546875,1
2427,3,1.5989583333333333,1
2429,1,1.2604166666666667,1
2431,1,1.2604166666666667,1
2433,1,1.2473958333333333,1
2434,5,4.479166666666667,5
2435,4,2.5364583333333335,3
2436,3,2.2265625,2
2439,1,2.3411458333333335,2
2440,2,1.6770833333333333,1
2441,1,1.0,1
2442,1,1.0755208333333333,1
2443,3,3.8177083333333335,4
2444,1,2.4427083333333335,2
2445,1,2.0078125,2
2447,1,1.1927083333333333,1
2448,3,1.1927083333333333,1
2451,1,1.5182291666666667,1
2453,2,1.9401041666666667,2
2454,3,1.640625,1
2455,1,1.3255208333333333,1
2456,4,2.1666666666666665,2
2457,1,1.5052083333333333,1
2458,1,1.2005208333333333,1
2459,1,1.3880208333333333,1
2461,2,2.4791666666666665,2
2462,1,1.4427083333333333,1
2463,1,1.5130208333333333,1
2464,3,1.5286458333333333,1
2466,3,1.7578125,1
2467,4,3.5833333333333335,4
2468,5,5.0,5
2472,1,1.9635416666666667,2
2473,1,1.796875,1
2474,1,1.6614583333333333,1
2478,4,2.2760416666666665,2
2479,1,3.5885416666666665,4
2480,5,3.984375,4
2481,1,1.5885416666666667,1
2482,3,1.1432291666666667,1
2485,3,1.890625,1
2487,4,2.3177083333333335,2
2488,2,1.5052083333333333,1
2489,1,1.3567708333333333,1
2490,1,1.046875,1
2493,1,1.265625,1
2494,2,3.3072916666666665,4
2496,1,1.171875,1
2498,4,3.5677083333333335,4
2499,1,1.8385416666666667,1
2502,1,2.4114583333333335,2
2503,2,3.4583333333333335,4
2504,1,1.65625,1
2506,2,2.3541666666666665,2
2508,1,1.9869791666666667,2
2509,1,1.0416666666666667,1
2510,3,2.8333333333333335,3
2511,2,2.4583333333333335,2
2512,1,1.9322916666666667,2
2513,1,1.859375,1
2515,4,2.5338541666666665,3
2516,4,1.0,1
2517,3,2.421875,2
2519,2,3.0052083333333335,3
2520,1,1.9895833333333333,2
2521,4,1.5416666666666667,1
2522,2,1.203125,1
2523,1,1.7916666666666667,1
2525,1,1.0026041666666667,1
2526,1,1.9817708333333333,2
2527,2,1.375,1
2528,2,2.4739583333333335,2
2530,1,1.8020833333333333,1
2531,2,1.6796875,1
2532,1,1.2473958333333333,1
2533,3,2.25,2
2536,1,1.1119791666666667,1
2539,1,1.5859375,1
2540,1,2.4375,2
2541,3,2.796875,3
2543,1,1.6328125,1
2545,2,1.7526041666666667,1
2546,2,1.0,1
2547,1,2.0911458333333335,2
2548,2,1.875,1
2550,4,3.4635416666666665,4
2552,1,1.8802083333333333,1
2553,3,1.7317708333333333,1
2554,2,2.0494791666666665,2
2555,1,1.7057291666666667,1
2556,1,1.0911458333333333,1
2557,2,2.4375,2
2558,3,3.2447916666666665,3
2559,1,1.1510416666666667,1
2560,1,1.3567708333333333,1
2561,1,1.1354166666666667,1
2563,1,1.7135416666666667,1
2564,4,2.90625,3
2565,1,2.2239583333333335,2
2566,2,2.421875,2
2567,1,2.7760416666666665,3
2568,2,1.2473958333333333,1
2569,2,2.46875,2
2571,1,2.5260416666666665,3
2574,1,1.0885416666666667,1
2575,3,3.796875,4
2576,2,1.7942708333333333,1
2578,3,1.703125,1
2579,1,1.2265625,1
2580,1,2.1223958333333335,2
2581,1,1.7161458333333333,1
2582,1,1.0208333333333333,1
2584,3,1.9453125,2
2585,2,1.109375,1
2586,1,2.5572916666666665,3
2587,1,1.9973958333333333,2
2588,4,3.2083333333333335,3
2590,3,2.0520833333333335,2
2592,2,2.2916666666666665,2
2594,1,2.0442708333333335,2
2595,3,2.546875,3
2596,1,1.0598958333333333,1
2598,3,3.4427083333333335,4
2599,2,1.09375,1
2601,3,3.515625,4
2602,5,4.083333333333333,4
2604,2,1.5182291666666667,1
2605,4,1.3489583333333333,1
2606,2,1.0,1
2607,1,1.7057291666666667,1
2608,3,2.6458333333333335,3
2609,1,4.479166666666667,5
2610,2,1.1770833333333333,1
2611,3,3.453125,4
2612,1,1.6041666666666667,1
2613,1,1.109375,1
2614,1,1.7161458333333333,1
2615,2,1.2942708333333333,1
2616,1,1.6302083333333333,1
2617,1,1.6354166666666667,1
2618,2,3.1510416666666665,3
2619,2,1.8697916666666667,1
2621,3,1.1119791666666667,1
2623,1,1.0,1
2624,1,2.6458333333333335,3
2626,3,2.7864583333333335,3
2627,1,1.5416666666666667,1
2628,5,4.875,5
2629,1,1.9322916666666667,2
2630,1,1.3203125,1
2631,1,1.4557291666666667,1
2632,4,1.2005208333333333,1
2633,2,1.0364583333333333,1
2634,1,1.5677083333333333,1
2636,3,3.09375,3
2637,1,2.265625,2
2638,4,2.4453125,2
2640,3,2.0598958333333335,2
2642,3,2.0260416666666665,2
2644,3,2.3697916666666665,2
2645,1,1.84375,1
2646,1,1.0703125,1
2647,2,2.09375,2
2648,2,3.0625,3
2649,1,1.7317708333333333,1
2651,1,3.25,3
2652,4,2.6302083333333335,3
2655,1,1.0911458333333333,1
2659,3,1.1822916666666667,1
2660,2,1.8072916666666667,1
2661,2,1.2135416666666667,1
2662,1,1.6484375,1
2663,3,3.0416666666666665,3
2665,2,1.2369791666666667,1
2667,2,2.4817708333333335,2
2668,1,1.234375,1
2669,1,2.0364583333333335,2
2670,1,1.1171875,1
2671,3,1.9479166666666667,2
2672,1,1.078125,1
2673,2,2.1875,2
2674,3,2.546875,3
2675,4,4.489583333333333,5
2677,2,1.9244791666666667,2
2678,1,2.6223958333333335,3
2679,1,1.1953125,1
2680,3,2.7708333333333335,3
2681,2,2.078125,2
2682,1,1.2395833333333333,1
2683,1,1.5859375,1
2684,2,3.078125,3
2686,1,2.2526041666666665,2
2687,4,3.640625,4
2688,1,1.1822916666666667,1
2694,1,1.1614583333333333,1
2695,1,1.0625,1
2696,1,1.6458333333333333,1
2697,2,1.5052083333333333,1
2698,1,2.2604166666666665,2
2699,2,1.0572916666666667,1
2700,3,3.671875,4
2701,1,1.171875,1
2703,2,1.4739583333333333,1
2704,2,2.1223958333333335,2
2705,1,1.0,1
2706,1,1.1848958333333333,1
2708,1,2.4270833333333335,2
2710,3,3.6145833333333335,4
2711,2,1.4010416666666667,1
2713,1,1.4192708333333333,1
2715,3,1.1354166666666667,1
2716,2,1.9375,2
2717,1,2.5208333333333335,2
2718,1,1.5,1
2719,4,2.7447916666666665,3
2720,3,1.0703125,1
2721,1,1.28125,1
2722,1,2.40625,2
2723,1,1.2109375,1
2724,1,1.1458333333333333,1
2725,1,1.2838541666666667,1
2726,2,2.5625,3
2727,2,1.5052083333333333,1
2728,3,1.5546875,1
2729,1,1.3307291666666667,1
2731,4,2.0182291666666665,2
2732,1,1.078125,1
2733,2,1.4869791666666667,1
2735,1,1.0729166666666667,1
2737,2,1.734375,1
2738,2,2.5833333333333335,3
2739,3,2.75,3
2740,2,1.109375,1
2741,1,1.4739583333333333,1
2742,4,3.484375,4
2743,2,1.0234375,1
2744,1,1.0807291666666667,1
2745,3,2.2864583333333335,2
2747,2,2.1197916666666665,2
2748,3,2.7291666666666665,3
2749,4,3.640625,4
2750,4,4.015625,4
2751,2,1.9583333333333333,2
2752,3,3.2239583333333335,3
2753,1,2.7291666666666665,3
2754,4,4.385416666666667,5
2755,2,1.6119791666666667,1
2756,3,2.390625,2
2757,2,2.9635416666666665,3
2758,4,1.6432291666666667,1
2759,1,1.46875,1
2760,1,2.1875,2
2761,2,2.296875,2
2762,1,2.0520833333333335,2
2763,1,1.8854166666666667,1
2764,2,2.9583333333333335,3
2765,2,2.1796875,2
2766,1,1.6848958333333333,1
2768,1,1.0885416666666667,1
2770,4,4.114583333333333,4
2771,2,2.1432291666666665,2
2772,5,3.8333333333333335,4
2773,2,1.5859375,1
2774,1,2.4791666666666665,2
2775,1,1.0130208333333333,1
2776,1,1.3671875,1
2777,1,1.5833333333333333,1
2778,2,1.6822916666666667,1
2779,3,3.9479166666666665,4
2780,1,1.0989583333333333,1
2781,1,1.1927083333333333,1
2783,1,1.5833333333333333,1
2784,2,2.0260416666666665,2
2785,1,2.703125,3
2787,1,1.0364583333333333,1
2788,2,1.8854166666666667,1
2790,4,4.916666666666667,5
2792,2,1.8567708333333333,1
2794,2,2.0885416666666665,2
2795,5,4.244791666666667,5
2797,2,2.2057291666666665,2
2798,1,1.2760416666666667,1
2799,1,1.2916666666666667,1
2800,3,1.8255208333333333,1
2801,2,2.546875,3
2802,1,1.5807291666666667,1
2803,1,1.1328125,1
2804,1,1.0729166666666667,1
2806,2,2.1223958333333335,2
2807,2,1.7005208333333333,1
2809,1,1.5208333333333333,1
2811,1,1.0885416666666667,1
2812,1,1.1458333333333333,1
2813,2,2.2109375,2
2815,3,4.166666666666667,4
2816,2,1.1484375,1
2817,3,2.1354166666666665,2
2818,2,1.5963541666666667,1
2820,1,1.7265625,1
2821,4,4.213541666666667,5
2823,1,1.9088541666666667,2
2824,2,1.7291666666666667,1
2825,1,2.2265625,2
2827,3,2.2838541666666665,2
2830,3,1.7604166666666667,1
2831,1,1.484375,1
2832,2,2.2317708333333335,2
2833,1,1.5911458333333333,1
2835,4,3.078125,3
2837,1,1.2291666666666667,1
2838,2,2.0,2
2839,1,2.1875,2
2840,1,1.7291666666666667,1
2841,1,1.9453125,2
2842,1,1.3098958333333333,1
2845,1,1.9921875,2
2846,4,3.8958333333333335,4
2849,1,1.015625,1
2850,2,1.5885416666666667,1
2851,2,1.9088541666666667,2
2852,3,2.265625,2
2853,2,1.03125,1
2856,1,1.4479166666666667,1
2857,2,1.7578125,1
2858,1,3.3697916666666665,4
2859,2,3.1041666666666665,3
2860,1,1.21875,1
2861,3,2.0625,2
2862,2,1.8802083333333333,1
2864,2,2.1666666666666665,2
2865,1,1.1302083333333333,1
2867,1,1.875,1
2869,1,2.3489583333333335,2
2870,1,1.0,1
2872,1,1.3828125,1
2873,3,2.53125,3
2874,1,1.2890625,1
2875,1,2.6979166666666665,3
2879,2,2.859375,3
2881,1,2.6354166666666665,3
2882,3,2.0546875,2
2883,1,1.96875,2
2885,2,2.3697916666666665,2
2886,3,2.1380208333333335,2
2887,3,3.2291666666666665,3
2888,2,2.34375,2
2890,1,2.328125,2
2891,4,3.203125,3
2892,1,1.6354166666666667,1
2894,2,1.671875,1
2895,1,1.8932291666666667,1
2897,4,2.796875,3
2899,3,2.375,2
2901,4,1.9947916666666667,2
2902,3,1.9479166666666667,2
2904,1,1.2864583333333333,1
2906,2,1.7734375,1
2907,1,1.3125,1
2908,1,1.1302083333333333,1
2909,4,3.0104166666666665,3
2910,3,1.1302083333333333,1
2911,1,1.4348958333333333,1
2914,2,1.359375,1
2915,4,2.9791666666666665,3
2916,2,1.359375,1
2918,1,1.8046875,1
2919,2,1.5338541666666667,1
2921,3,3.03125,3
2922,1,1.0364583333333333,1
2923,1,1.6614583333333333,1
2924,2,2.4479166666666665,2
2925,2,1.7916666666666667,1
2926,1,1.2109375,1
2927,2,1.2734375,1
2928,2,1.296875,1
2929,1,1.4609375,1
2930,4,2.1875,2
2932,1,1.9140625,2
2934,1,1.9401041666666667,2
2935,1,1.7682291666666667,1
2936,2,1.9817708333333333,2
2937,4,4.135416666666667,4
2938,2,1.4791666666666667,1
2939,4,3.5677083333333335,4
2940,1,1.09375,1
2941,2,2.2161458333333335,2
2942,1,1.5,1
2943,1,1.78125,1
2944,2,1.1796875,1
2945,3,1.1744791666666667,1
2946,5,2.9583333333333335,3
2948,2,2.140625,2
2949,1,1.0078125,1
2950,1,1.7630208333333333,1
2952,1,1.1380208333333333,1
2953,2,1.5807291666666667,1
2954,1,2.2786458333333335,2
2955,2,1.921875,2
2957,3,3.1614583333333335,3
2958,2,1.8203125,1
2960,4,2.8541666666666665,3
2961,1,1.5859375,1
2963,1,1.3125,1
2964,1,3.140625,3
2965,3,2.484375,2
2966,1,1.0,1
2969,2,2.9322916666666665,3
2970,3,1.46875,1
2971,1,1.5416666666666667,1
2972,3,1.3828125,1
2974,2,2.6614583333333335,3
2975,4,3.078125,3
2976,1,1.078125,1
2977,2,1.4140625,1
2978,2,1.9322916666666667,2
2979,1,1.09375,1
2980,2,1.0,1
2981,1,2.5104166666666665,2
2982,1,1.7604166666666667,1
2984,1,1.0338541666666667,1
2985,4,4.708333333333333,5
2986,2,1.3125,1
2990,3,2.0104166666666665,2
2991,1,1.6015625,1
2992,1,2.0572916666666665,2
2993,1,1.0703125,1
2995,4,1.7734375,1
2996,1,1.859375,1
2997,1,1.9791666666666667,2
2998,1,2.390625,2
2999,2,1.3984375,1
3000,1,1.4661458333333333,1
3002,1,1.1458333333333333,1
3003,1,1.1666666666666667,1
3004,1,1.5182291666666667,1
3006,1,1.0729166666666667,1
3007,2,2.90625,3
3009,3,2.6979166666666665,3
3010,4,2.34375,2
3011,2,2.2135416666666665,2
3012,3,2.6614583333333335,3
3013,1,1.0859375,1
3014,1,1.046875,1
3016,1,1.5546875,1
3017,1,2.3463541666666665,2
3019,4,3.4375,4
3020,2,1.3776041666666667,1
3021,1,2.3463541666666665,2
3022,5,4.223958333333333,5
3023,1,2.0026041666666665,2
3024,1,2.046875,2
3025,2,2.9895833333333335,3
3026,1,1.9895833333333333,2
3027,1,1.2109375,1
3029,1,1.2213541666666667,1
3030,3,2.4947916666666665,2
3031,1,1.953125,2
3032,2,1.6979166666666667,1
3033,1,2.4010416666666665,2
3036,1,1.6901041666666667,1
3037,1,1.4166666666666667,1
3038,2,1.0,1
3039,3,1.5703125,1
3040,1,1.203125,1
3041,3,1.1901041666666667,1
3042,1,1.2734375,1
3043,1,1.734375,1
3044,1,1.7578125,1
3045,2,1.109375,1
3046,2,2.1145833333333335,2
3047,3,3.3072916666666665,4
3048,2,1.8984375,1
3049,5,2.3463541666666665,2
3050,2,2.8645833333333335,3
3052,2,1.6223958333333333,1
3054,1,3.453125,4
3055,1,1.9661458333333333,2
3056,1,1.6666666666666667,1
3057,2,1.2942708333333333,1
3058,5,4.322916666666667,5
3061,4,3.859375,4
3062,4,1.75,1
3064,1,1.7994791666666667,1
3065,1,2.5729166666666665,3
3066,1,1.0130208333333333,1
3067,2,1.2760416666666667,1
3068,3,2.3229166666666665,2
3070,1,1.0755208333333333,1
3071,1,1.7682291666666667,1
3072,1,1.1822916666666667,1
3073,3,2.9947916666666665,3
3074,3,3.390625,4
3075,3,2.8489583333333335,3
3076,1,1.9192708333333333,2
3078,1,2.0703125,2
3081,3,1.8984375,1
3082,2,2.4791666666666665,2
3083,2,2.0989583333333335,2
3086,3,2.78125,3
3087,5,3.8333333333333335,4
3088,5,3.796875,4
3089,1,1.53125,1
3090,3,1.0859375,1
3091,1,1.1067708333333333,1
3092,2,2.3333333333333335,2
3093,1,1.0,1
