id,title,venue,step39_pred,step41_pred
981,µ-toksia: An Efficient Abstract Argumentation Reasoner.,kr,2,1
1988,Quantified Invariants via Syntax-Guided Synthesis.,cav,2,1
2103,Model Checking Quantitative Hyperproperties.,cav,2,1
1733,Self-correcting Neural Networks for Safe Classification.,cav,5,4
1110,Updating Belief in Arguments in Epistemic Graphs.,kr,4,3
1937,CORR: Collaborative On-Road Reputation.,cav,3,2
2284,String Analysis via Automata Manipulation with Logic Circuit Representation.,cav,3,2
1066,If Nothing Is Accepted - Repairing Argumentation Frameworks.,kr,3,2
1804,AIGEN: Random Generation of Symbolic Transition Systems.,cav,3,2
