name,w_bge,w_scincl,w_specter,w_ridge,oof_qwk,oof_round_qwk,oof_mae,oof_l1,test_l1,thresholds,pub_dist,pri_dist,combined_dist
bge_0p25_scincl_0p25_specter_0p25_ridge_0p25,0.25,0.25,0.25,0.25,0.6593366127420917,0.6101407023913875,0.7682437850842021,0.005613472333600683,0.1723976469701781,"1.958435,2.486977,3.120300,3.867257","{1: 121, 2: 66, 3: 54, 4: 34, 5: 23}","{1: 140, 2: 63, 3: 43, 4: 30, 5: 22}","{1: 261, 2: 129, 3: 97, 4: 64, 5: 45}"
bge_0p30_scincl_0p20_specter_0p30_ridge_0p20,0.3,0.2,0.3,0.2,0.6590651772799012,0.6175234812223173,0.7734562951082599,0.020048115477145162,0.17239764697017812,"1.948114,2.499320,3.128419,3.898257","{1: 124, 2: 65, 3: 53, 4: 34, 5: 22}","{1: 141, 2: 60, 3: 44, 4: 31, 5: 22}","{1: 265, 2: 125, 3: 97, 4: 65, 5: 44}"
bge_0p40_scincl_0p20_specter_0p25_ridge_0p15,0.4,0.2,0.25,0.15,0.6580137200461349,0.6244205106054664,0.7718524458700882,0.012830793905372881,0.1723976469701781,"1.916736,2.490496,3.154223,3.944167","{1: 119, 2: 70, 3: 53, 4: 34, 5: 22}","{1: 137, 2: 64, 3: 45, 4: 29, 5: 23}","{1: 256, 2: 134, 3: 98, 4: 63, 5: 45}"
bge_0p40_scincl_0p30_specter_0p15_ridge_0p15,0.4,0.3,0.15,0.15,0.6578227901440054,0.6230756375213511,0.7674418604651163,0.012028869286287061,0.1757533516681647,"1.946982,2.518153,3.183355,3.972268","{1: 124, 2: 66, 3: 53, 4: 34, 5: 21}","{1: 140, 2: 61, 3: 48, 4: 28, 5: 21}","{1: 264, 2: 127, 3: 101, 4: 62, 5: 42}"
bge_0p40_scincl_0p30_specter_0p25_ridge_0p05,0.4,0.3,0.25,0.05,0.657552034742646,0.6352109818530315,0.7682437850842021,0.012028869286287117,0.16233053287621835,"1.902700,2.499610,3.237097,4.053034","{1: 121, 2: 66, 3: 57, 4: 33, 5: 21}","{1: 139, 2: 61, 3: 47, 4: 28, 5: 23}","{1: 260, 2: 127, 3: 104, 4: 61, 5: 44}"
bge_0p40_scincl_0p25_specter_0p15_ridge_0p20,0.4,0.25,0.15,0.2,0.6575486644055577,0.6144992187664671,0.7710505212510024,0.0056134723336006415,0.17575335166816466,"1.956351,2.499267,3.136718,3.898512","{1: 125, 2: 65, 3: 52, 4: 34, 5: 22}","{1: 139, 2: 62, 3: 46, 4: 30, 5: 21}","{1: 264, 2: 127, 3: 98, 4: 64, 5: 43}"
bge_0p35_scincl_0p25_specter_0p20_ridge_0p20,0.35,0.25,0.2,0.2,0.6573751735480835,0.6132795920826044,0.7746591820368885,0.008821170809943837,0.1656862375742049,"1.942963,2.482373,3.132993,3.890922","{1: 122, 2: 65, 3: 55, 4: 34, 5: 22}","{1: 140, 2: 61, 3: 47, 4: 29, 5: 21}","{1: 262, 2: 126, 3: 102, 4: 63, 5: 43}"
bge_0p50_scincl_0p25_specter_0p17_ridge_0p08,0.5,0.25,0.17,0.08,0.657168228241461,0.6301189317030123,0.7706495589414595,0.014434643143544479,0.16568623757420495,"1.902583,2.499673,3.179631,4.007670","{1: 121, 2: 68, 3: 51, 4: 37, 5: 21}","{1: 133, 2: 66, 3: 49, 4: 26, 5: 24}","{1: 254, 2: 134, 3: 100, 4: 63, 5: 45}"
bge_0p30_scincl_0p25_specter_0p25_ridge_0p20,0.3,0.25,0.25,0.2,0.657160811152036,0.6135336562273254,0.7746591820368885,0.012830793905372895,0.16233053287621835,"1.938786,2.478584,3.117245,3.891577","{1: 120, 2: 65, 3: 57, 4: 34, 5: 22}","{1: 139, 2: 63, 3: 43, 4: 31, 5: 22}","{1: 259, 2: 128, 3: 100, 4: 65, 5: 44}"
bge_0p30_scincl_0p40_specter_0p10_ridge_0p20,0.3,0.4,0.1,0.2,0.657159471169554,0.6116635086925684,0.7714514835605453,0.013632718524458715,0.15841240453598704,"1.952822,2.478151,3.121360,3.895900","{1: 123, 2: 62, 3: 55, 4: 36, 5: 22}","{1: 140, 2: 60, 3: 46, 4: 32, 5: 20}","{1: 263, 2: 122, 3: 101, 4: 68, 5: 42}"
bge_0p40_scincl_0p30_specter_0p30_ridge_0p00,0.4,0.3,0.3,0.0,0.6570235299949747,0.6371660563362385,0.7702485966319166,0.0072173215717722256,0.1556191234802452,"1.884683,2.498930,3.237558,4.087760","{1: 120, 2: 64, 3: 58, 4: 35, 5: 21}","{1: 135, 2: 66, 3: 43, 4: 31, 5: 23}","{1: 255, 2: 130, 3: 101, 4: 66, 5: 44}"
bge_0p35_scincl_0p30_specter_0p20_ridge_0p15,0.35,0.3,0.2,0.15,0.6569877328720328,0.6210682423510783,0.7698476343223737,0.0072173215717722256,0.1723976469701781,"1.937667,2.504521,3.183738,3.960743","{1: 121, 2: 67, 3: 55, 4: 33, 5: 22}","{1: 140, 2: 62, 3: 46, 4: 29, 5: 21}","{1: 261, 2: 129, 3: 101, 4: 62, 5: 43}"
bge_0p40_scincl_0p30_specter_0p10_ridge_0p20,0.4,0.3,0.1,0.2,0.656969460347543,0.6139331017879119,0.7714514835605453,0.012028869286287075,0.16568623757420495,"1.961902,2.490691,3.134010,3.899953","{1: 125, 2: 63, 3: 54, 4: 34, 5: 22}","{1: 139, 2: 61, 3: 48, 4: 29, 5: 21}","{1: 264, 2: 124, 3: 102, 4: 63, 5: 43}"
bge_0p40_scincl_0p40_specter_0p15_ridge_0p05,0.4,0.4,0.15,0.05,0.6566672624716823,0.6351025448724588,0.7710505212510024,0.011226944667201297,0.15561912348024518,"1.897122,2.494870,3.182169,4.001690","{1: 119, 2: 67, 3: 55, 4: 36, 5: 21}","{1: 137, 2: 62, 3: 46, 4: 30, 5: 23}","{1: 256, 2: 129, 3: 101, 4: 66, 5: 44}"
bge_0p30_scincl_0p35_specter_0p15_ridge_0p20,0.3,0.35,0.15,0.2,0.6565556463357066,0.6128640738655274,0.7742582197273457,0.005613472333600655,0.17575335166816466,"1.955601,2.498188,3.149509,3.903973","{1: 121, 2: 66, 3: 57, 4: 32, 5: 22}","{1: 140, 2: 64, 3: 43, 4: 30, 5: 21}","{1: 261, 2: 130, 3: 100, 4: 62, 5: 43}"
bge_0p35_scincl_0p35_specter_0p10_ridge_0p20,0.35,0.35,0.1,0.2,0.6565207662750769,0.6146985157905107,0.773055332798717,0.012028869286287075,0.16233053287621838,"1.942312,2.489197,3.125813,3.888314","{1: 120, 2: 66, 3: 54, 4: 36, 5: 22}","{1: 137, 2: 64, 3: 47, 4: 29, 5: 21}","{1: 257, 2: 130, 3: 101, 4: 65, 5: 43}"
bge_0p40_scincl_0p20_specter_0p20_ridge_0p20,0.4,0.2,0.2,0.2,0.6563720804549106,0.6137464322613326,0.773055332798717,0.01122694466720131,0.1723976469701781,"1.934885,2.487476,3.123052,3.892380","{1: 121, 2: 68, 3: 53, 4: 34, 5: 22}","{1: 138, 2: 63, 3: 44, 4: 30, 5: 23}","{1: 259, 2: 131, 3: 97, 4: 64, 5: 45}"
bge_0p35_scincl_0p20_specter_0p25_ridge_0p20,0.35,0.2,0.25,0.2,0.6562838480483242,0.6146501706752092,0.7722534081796311,0.010425020048115463,0.18246476106413786,"1.947494,2.512402,3.153969,3.934164","{1: 124, 2: 67, 3: 51, 4: 34, 5: 22}","{1: 140, 2: 62, 3: 45, 4: 30, 5: 21}","{1: 264, 2: 129, 3: 96, 4: 64, 5: 43}"
bge_0p35_scincl_0p30_specter_0p15_ridge_0p20,0.35,0.3,0.15,0.2,0.6561414608143519,0.6127503275237471,0.7750601443464314,0.012830793905372881,0.16904194227219152,"1.954849,2.493750,3.164820,3.907232","{1: 123, 2: 65, 3: 56, 4: 32, 5: 22}","{1: 140, 2: 61, 3: 47, 4: 29, 5: 21}","{1: 263, 2: 126, 3: 103, 4: 61, 5: 43}"
bge_0p40_scincl_0p25_specter_0p22_ridge_0p13,0.4,0.25,0.22,0.13,0.6559779469821718,0.6245694345570634,0.7726543704891741,0.016840417000801897,0.1690419422721915,"1.937516,2.484301,3.168568,3.963332","{1: 124, 2: 64, 3: 54, 4: 34, 5: 22}","{1: 139, 2: 62, 3: 45, 4: 30, 5: 22}","{1: 263, 2: 126, 3: 99, 4: 64, 5: 44}"
bge_0p30_scincl_0p35_specter_0p22_ridge_0p13,0.3,0.35,0.22,0.13,0.6559627409223711,0.6249800377814304,0.7750601443464314,0.007217321571772253,0.16904194227219152,"1.932892,2.505508,3.163900,3.970956","{1: 121, 2: 65, 3: 55, 4: 35, 5: 22}","{1: 140, 2: 63, 3: 42, 4: 32, 5: 21}","{1: 261, 2: 128, 3: 97, 4: 67, 5: 43}"
bge_0p40_scincl_0p30_specter_0p20_ridge_0p10,0.4,0.3,0.2,0.1,0.6559459456070985,0.62809369852871,0.7718524458700882,0.009623095429029657,0.1656862375742049,"1.925949,2.495156,3.170741,3.996862","{1: 122, 2: 66, 3: 53, 4: 36, 5: 21}","{1: 140, 2: 60, 3: 45, 4: 31, 5: 22}","{1: 262, 2: 126, 3: 98, 4: 67, 5: 43}"
bge_0p45_scincl_0p28_specter_0p18_ridge_0p09,0.45,0.28,0.18,0.09,0.6559375341514018,0.6268517681041098,0.7738572574178028,0.011226944667201269,0.16568623757420495,"1.918045,2.495716,3.163560,3.988175","{1: 122, 2: 66, 3: 52, 4: 37, 5: 21}","{1: 137, 2: 63, 3: 45, 4: 30, 5: 23}","{1: 259, 2: 129, 3: 97, 4: 67, 5: 44}"
bge_0p30_scincl_0p30_specter_0p20_ridge_0p20,0.3,0.3,0.2,0.2,0.6557466507024823,0.6119137014041256,0.7754611066559743,0.004811547714514808,0.17239764697017804,"1.945210,2.490507,3.131806,3.892455","{1: 122, 2: 65, 3: 55, 4: 34, 5: 22}","{1: 140, 2: 63, 3: 43, 4: 31, 5: 21}","{1: 262, 2: 128, 3: 98, 4: 65, 5: 43}"
bge_0p45_scincl_0p20_specter_0p15_ridge_0p20,0.45,0.2,0.15,0.2,0.6556653375989534,0.6154982914685907,0.7734562951082599,0.007217321571772267,0.17910905636615126,"1.941715,2.499031,3.133024,3.910488","{1: 122, 2: 69, 3: 51, 4: 34, 5: 22}","{1: 134, 2: 67, 3: 46, 4: 29, 5: 22}","{1: 256, 2: 136, 3: 97, 4: 63, 5: 44}"
bge_0p45_scincl_0p30_specter_0p05_ridge_0p20,0.45,0.3,0.05,0.2,0.6554587858763137,0.6155152611986777,0.7698476343223737,0.0016038492381716257,0.17575335166816464,"1.960238,2.503306,3.136421,3.907513","{1: 124, 2: 68, 3: 49, 4: 35, 5: 22}","{1: 137, 2: 62, 3: 50, 4: 27, 5: 22}","{1: 261, 2: 130, 3: 99, 4: 62, 5: 44}"
bge_0p35_scincl_0p32_specter_0p22_ridge_0p11,0.35,0.32,0.22,0.11,0.6553457259008972,0.6290589092248153,0.773055332798717,0.007217321571772253,0.16568623757420492,"1.913134,2.493791,3.171358,3.981294","{1: 119, 2: 68, 3: 55, 4: 34, 5: 22}","{1: 138, 2: 63, 3: 44, 4: 32, 5: 21}","{1: 257, 2: 131, 3: 99, 4: 66, 5: 43}"
bge_0p45_scincl_0p25_specter_0p10_ridge_0p20,0.45,0.25,0.1,0.2,0.6551898226915392,0.6136317552334456,0.7718524458700882,0.00641539695268642,0.1791090563661513,"1.948119,2.496889,3.129577,3.912130","{1: 122, 2: 69, 3: 51, 4: 34, 5: 22}","{1: 135, 2: 66, 3: 46, 4: 30, 5: 21}","{1: 257, 2: 135, 3: 97, 4: 64, 5: 43}"
bge_0p40_scincl_0p35_specter_0p18_ridge_0p07,0.4,0.35,0.18,0.07,0.655185776734719,0.632652541102342,0.7710505212510024,0.02004811547714512,0.17910905636615126,"1.939018,2.524705,3.224231,4.049459","{1: 127, 2: 64, 3: 54, 4: 32, 5: 21}","{1: 141, 2: 60, 3: 47, 4: 28, 5: 22}","{1: 268, 2: 124, 3: 101, 4: 60, 5: 43}"
bge_0p40_scincl_0p35_specter_0p05_ridge_0p20,0.4,0.35,0.05,0.2,0.6551818509880284,0.6139591960262535,0.7726543704891741,0.006415396952686461,0.1690419422721915,"1.956906,2.489325,3.127583,3.898081","{1: 125, 2: 64, 3: 51, 4: 36, 5: 22}","{1: 138, 2: 62, 3: 47, 4: 30, 5: 21}","{1: 263, 2: 126, 3: 98, 4: 66, 5: 43}"
bge_0p30_scincl_0p30_specter_0p30_ridge_0p10,0.3,0.3,0.3,0.1,0.6548347390771947,0.629830698699823,0.7750601443464314,0.005613472333600628,0.16233053287621835,"1.918635,2.492343,3.184560,3.997443","{1: 121, 2: 64, 3: 58, 4: 33, 5: 22}","{1: 138, 2: 64, 3: 42, 4: 33, 5: 21}","{1: 259, 2: 128, 3: 100, 4: 66, 5: 43}"
bge_0p00_scincl_0p60_specter_0p20_ridge_0p20,0.0,0.6,0.2,0.2,0.6412322175982934,0.6073844521024585,0.7919005613472334,0.003207698476343182,0.16233053287621838,"1.943955,2.487544,3.145143,3.901859","{1: 124, 2: 61, 3: 57, 4: 34, 5: 22}","{1: 140, 2: 62, 3: 42, 4: 33, 5: 21}","{1: 264, 2: 123, 3: 99, 4: 67, 5: 43}"
