id,Label,oof_score,oof_pred
0,1,1.0301137737291934,1
1,1,1.8545546359230343,1
2,2,3.2149264331058416,3
3,1,3.5580375539238314,4
4,1,2.110926436609632,2
5,2,2.677128843494898,3
6,3,3.078467434703961,3
7,3,3.2714483473587843,4
8,4,4.280916528569906,5
9,1,2.3064921933569553,2
10,3,4.173055946852576,5
11,4,3.238830504397689,3
12,4,2.6407077306804028,3
13,2,2.526051153036176,3
14,5,4.8467548109352485,5
15,2,3.581742961986913,4
16,4,3.929170310548583,4
17,5,3.0941400918810213,3
18,5,4.466310585393346,5
19,4,3.348690311999928,4
20,4,4.575795205092777,5
21,2,2.806764829508538,3
22,5,4.52871839513046,5
23,5,3.5262726296411158,4
24,3,2.9959677685153223,3
25,2,2.2304194016722,2
26,5,4.099741021604409,5
27,4,2.5214057937128844,3
28,4,2.616979182557039,3
29,4,2.701417550100181,3
30,4,3.7654829381414046,4
31,5,4.402707262220852,5
32,5,3.235041341108428,3
33,4,4.278871251447639,5
34,3,1.4028737367703696,1
35,3,2.57854144751991,3
36,3,2.2772516059738215,2
37,4,4.162279072695847,5
38,5,4.740692805928254,5
39,5,4.075915934113009,4
40,3,3.1950232228584894,3
41,5,3.804994128352978,4
42,5,2.7553564709672744,3
43,5,3.613296472623177,4
44,1,1.3601727054596608,1
45,4,3.9435773866778705,4
46,1,3.020421461053311,3
47,5,4.934108245686342,5
48,4,4.0430212768672815,4
49,1,1.0711807251280714,1
50,4,3.6408260465856586,4
51,3,3.530219047580099,4
52,5,3.385894680342,4
53,4,3.228160002799485,3
54,1,2.1392861880011496,2
55,1,3.152145260211663,3
56,2,3.1700433140503743,3
57,1,2.9814666674441566,3
58,1,1.6102960913752822,1
59,2,2.1334399074653074,2
60,4,4.855369607496803,5
61,3,4.247231326406981,5
62,2,4.001038012692911,4
63,5,4.616199728496482,5
64,4,4.078171088017676,4
65,5,3.9331097976220533,4
66,3,4.200428441979601,5
67,1,1.428606800532232,1
68,4,4.0406645497927265,4
69,5,3.8434164517576237,4
70,3,3.688581459594043,4
71,3,3.573887439878571,4
72,5,3.9378724922977413,4
73,2,1.7414484255763933,1
74,4,2.1625787504792475,2
75,5,4.6272910412717225,5
76,5,4.930321311977918,5
77,5,4.923734803322938,5
78,2,3.0747798491753864,3
79,3,3.9708621786484,4
80,1,2.418906792821211,2
81,2,3.335227556412384,4
82,3,3.9351766695577464,4
83,2,2.734830305941016,3
84,3,2.7573286655287337,3
85,1,2.057508676465316,2
86,5,4.38336049505849,5
87,1,1.0566685919915093,1
88,1,1.0212889909038558,1
89,1,1.0216008372914103,1
90,2,4.2768180786017735,5
91,4,4.638532132337633,5
92,4,3.339275361419466,4
93,3,3.058661854521052,3
94,4,4.906505255176697,5
95,2,2.9612247938637464,3
96,4,3.8463053092456914,4
97,4,3.8888391091150796,4
98,4,4.383073316871885,5
99,5,3.605807254782144,4
100,3,2.5466872625215218,3
101,4,2.280009596221777,2
102,3,2.9334849855750678,3
103,1,2.2701906435599923,2
104,2,3.937309474518249,4
105,1,2.404444912581284,2
106,3,4.387318474258908,5
107,4,4.07305723413804,4
108,1,3.421552060679909,4
109,1,4.2372943377828625,5
110,3,4.805420490952039,5
111,5,3.9610106361644304,4
112,4,3.1934271024773366,3
113,2,3.659927250676181,4
114,4,4.354264444015915,5
115,3,2.8825713722958897,3
116,1,2.3233261559187866,2
117,2,2.6319462812538603,3
118,1,3.0766839045598378,3
119,3,2.7832815176103134,3
120,1,3.302626894032725,4
121,3,3.4934656495272374,4
122,5,3.913965696108749,4
123,5,2.4912815272436024,2
124,5,4.413467441825879,5
125,3,4.072130136521318,4
126,4,3.681969398328562,4
127,2,1.6766081846256033,1
128,3,3.8536304051924977,4
129,5,2.005000648960207,2
130,4,3.921518775988384,4
131,3,2.9119523444979256,3
132,1,2.7743161173962645,3
133,2,2.2201797057830466,2
134,5,3.5971938399921495,4
135,5,2.6391410217101345,3
136,1,2.827982798030847,3
137,1,1.2191508968373292,1
138,3,4.15555543047675,5
139,5,4.640697395058178,5
140,5,4.813933771656156,5
141,5,4.63362723355038,5
142,5,4.8526105314666825,5
143,3,2.452266985006208,2
144,1,2.674696461477424,3
145,4,2.400574417586605,2
146,5,5.006494715560279,5
147,1,1.1787493392919013,1
148,1,3.8944319051005967,4
149,1,1.0677739232609145,1
150,2,3.3910914843071986,4
151,4,4.633292225972033,5
152,4,2.98796532403121,3
153,1,2.5996817712840086,3
154,1,2.9081292783493526,3
155,5,3.914819352183919,4
156,4,4.792694840968364,5
157,1,2.93266861134133,3
158,1,4.19052388374036,5
159,2,3.30671096597918,4
160,2,1.9436108456027437,2
161,3,4.036173526625103,4
162,4,1.3329070693811214,1
163,5,4.585849018161581,5
164,1,1.1029514752619944,1
165,2,2.921659560049093,3
166,1,1.353962229144962,1
167,1,2.794755691159825,3
168,3,1.9388353391881312,2
169,5,3.1554215070020812,3
170,5,4.736582810278774,5
171,5,4.470153193387247,5
172,4,2.960775825704212,3
173,3,3.8422788982688836,4
174,1,4.307771107112912,5
175,4,4.462645765169327,5
176,4,2.659461567924047,3
177,4,3.3967548815165407,4
178,5,4.8624633380814535,5
179,3,3.5744430443173254,4
180,4,4.800138667126162,5
181,5,4.247488671105562,5
182,2,2.9685633891374676,3
183,3,2.817565364217187,3
184,1,4.131072128010507,5
185,4,3.6998832415670155,4
186,5,4.948840338175463,5
187,2,2.472599102024938,2
188,5,3.5544802326409615,4
189,4,3.504684649677287,4
190,2,2.9611833847870153,3
191,1,1.9092386460733883,2
192,2,4.4728659186790765,5
193,5,3.849411975199312,4
194,4,4.409796528229925,5
195,3,3.268930973107045,4
196,1,2.6200544777221206,3
197,1,1.738703350531789,1
198,2,4.002257332775647,4
199,3,2.232602932134847,2
200,2,2.784661088354343,3
201,5,4.4942577816147145,5
202,5,4.931556806866556,5
203,5,5.006679904625466,5
204,4,4.767929879887206,5
205,2,2.875468228124073,3
206,1,4.628029205186715,5
207,2,4.165661875645575,5
208,3,3.3376687815553505,4
209,1,1.01708122489281,1
210,1,1.043983051533107,1
211,4,3.474120614663317,4
212,1,3.5882271427442873,4
213,4,2.76193536375281,3
214,5,4.128077677255576,5
215,4,3.547429143061236,4
216,3,3.5278943260301223,4
217,1,3.982159223968989,4
218,1,1.7177590690959001,1
219,5,2.546357772726229,3
220,4,4.016655041302849,4
221,5,4.530833272339174,5
222,5,4.449144091774966,5
223,3,4.69102953275424,5
224,1,2.383851934338334,2
225,5,4.547248764561156,5
226,5,4.293748032136168,5
227,4,3.363360110561761,4
228,4,4.451653884880675,5
229,2,2.8203606438299493,3
230,5,4.7789732690720745,5
231,4,4.31689408380078,5
232,4,2.867075778077702,3
233,4,2.8348383608268155,3
234,3,2.831632736146856,3
235,5,4.520329907692161,5
236,1,1.558866552244645,1
237,1,1.9375240226196362,2
238,1,3.1573532314327153,3
239,2,1.987410267457213,2
240,2,3.1206696837546235,3
241,1,1.5914217212188622,1
242,3,4.811164679145424,5
243,3,3.7146981666348124,4
244,4,4.239797647718442,5
245,5,4.892414808002086,5
246,4,4.701356218615677,5
247,5,4.513749913533796,5
248,3,2.089621037980091,2
249,1,1.1530845309843485,1
250,1,1.0898567526372391,1
251,4,4.183780733122992,5
252,5,4.82638926524671,5
253,5,4.708269236696448,5
254,1,1.1279819136523315,1
255,2,2.56009894093757,3
256,2,3.8086595338731466,4
257,5,3.5484857398033047,4
258,4,3.2326702771496856,3
259,5,4.825881035634315,5
260,1,2.901523268316791,3
261,4,3.998948692149842,4
262,2,3.111756033611458,3
263,4,4.337087938606562,5
264,3,4.00691547529568,4
265,3,4.139848044804282,5
266,1,1.381444590639076,1
267,1,1.3499880029926106,1
268,2,3.3367930628152886,4
269,3,4.766630817839551,5
270,4,3.4683592484378134,4
271,5,4.731503025492112,5
272,5,3.478123585525015,4
273,4,3.0190945888135867,3
274,4,4.091496009490688,4
275,5,4.8943871557630905,5
276,2,2.4520581985032406,2
277,2,4.537812053432573,5
278,1,2.5959638842964683,3
279,4,4.775039422484028,5
280,3,3.1095708423343815,3
281,1,1.9337039268367553,2
282,5,3.8491254949979683,4
283,4,4.5470965242652825,5
284,2,4.3315885233177776,5
285,4,4.159155891644167,5
286,1,1.31863825815422,1
287,4,2.905523371000968,3
288,1,2.425309516100473,2
289,1,2.4190907459864004,2
290,1,3.2164065795993055,3
291,5,4.887829834330362,5
292,4,3.914514874697559,4
293,5,4.961532532973058,5
294,1,1.9747768085281223,2
295,2,1.9139470242069372,2
296,3,4.222292208791856,5
297,3,3.2127134402404747,3
298,4,4.250676116447691,5
299,5,4.402421307050862,5
300,3,2.3069171129519517,2
301,2,4.093000643043777,4
302,4,4.767597985579905,5
303,5,4.638608214220344,5
304,5,4.763628769661558,5
305,1,1.1034545354449161,1
306,1,1.095145263729652,1
307,1,2.3314526859324256,2
308,2,3.9857489189343345,4
309,2,1.7873577343772533,1
310,4,4.682480921901097,5
311,3,3.909990249679714,4
312,3,3.8316010657343753,4
313,1,3.2870857386748855,4
314,2,3.6355910389806505,4
315,4,2.997982285127798,3
316,2,4.069344790800362,4
317,5,3.809622508526107,4
318,2,2.950806831730618,3
319,3,3.92191826679784,4
320,1,3.865279914299345,4
321,2,3.6823197263390206,4
322,5,4.36121633437766,5
323,4,3.936995253961929,4
324,5,4.8739356806839504,5
325,2,4.00041904012018,4
326,1,2.3670086912190493,2
327,5,3.1239438249340923,3
328,5,5.016735124122473,5
329,3,1.6673827399249777,1
330,1,2.3359885980466397,2
331,2,1.951833945417861,2
332,1,1.97100228060818,2
333,3,2.7874626844220813,3
334,5,4.191530355434828,5
335,5,3.8829156742976556,4
336,3,4.287051129527173,5
337,1,2.956430791393319,3
338,5,4.920776669286202,5
339,3,3.3686329097590413,4
340,1,2.139745383515802,2
341,2,2.9527335584985486,3
342,5,4.903164559365133,5
343,2,1.3875816890284913,1
344,1,3.4585456327728425,4
345,1,2.174812926644326,2
346,1,1.12457528525768,1
347,1,1.0587154655661326,1
348,5,3.1594000200840338,3
349,4,3.1245716035802715,3
350,2,1.952910829502145,2
351,2,4.574382242993638,5
352,5,3.4999145324720145,4
353,5,4.695604549328514,5
354,5,2.926070739858576,3
355,5,3.4171831930175522,4
356,5,4.559468867008158,5
357,2,2.9596088463975563,3
358,3,4.0034132389097605,4
359,1,1.9004092522996734,2
360,3,2.972081905485796,3
361,1,1.6147888044133965,1
362,1,1.399171290964172,1
363,5,3.5788943340314026,4
364,2,2.2903613433771026,2
365,3,1.6276593669455204,1
366,4,1.7826072677090568,1
367,1,4.394231635293594,5
368,2,3.7134307578734354,4
369,5,3.667472111915843,4
370,4,3.8504681024084784,4
371,3,3.1336868310211368,3
372,1,3.506352699101298,4
373,1,3.2423880851785016,3
374,4,3.59143195442553,4
375,4,4.595633018789291,5
376,1,3.3257825010664575,4
377,2,3.0685298579232185,3
378,1,2.2075102734791447,2
379,5,2.4172844978224006,2
380,3,2.9352084887264374,3
381,1,1.4942339413997432,1
382,2,4.7215148914776535,5
383,4,4.546446536228073,5
384,1,3.225596246827916,3
385,1,2.2703969637864367,2
386,1,1.7967695456297759,1
387,1,1.0094838792256002,1
388,2,3.6183070378578237,4
389,3,4.720469997303871,5
390,2,2.4723997551815797,2
391,3,4.3814034068413665,5
392,2,1.8912443798826193,2
393,4,3.042300764312404,3
394,1,1.690952021125825,1
395,2,3.3814049758896743,4
396,1,1.315118359985997,1
397,3,4.250348335226382,5
398,4,4.733061250203454,5
399,3,4.37565224818292,5
400,2,3.824732379969888,4
401,2,4.49989161337893,5
402,1,3.221219947874135,3
403,1,1.9126303068258306,2
404,1,3.046035429349101,3
405,3,1.5377674855110397,1
406,2,3.4319023396619164,4
407,1,3.3564486648213636,4
408,2,3.1776459502754975,3
409,1,1.0123449913357507,1
410,2,3.896780670103097,4
411,3,2.3535135195814667,2
412,4,4.618307792034204,5
413,1,1.07499741866122,1
414,1,1.02650522284913,1
415,5,4.530437484295168,5
416,1,1.810960757704267,1
417,3,2.9499234955838767,3
418,2,3.2891852184366495,4
419,5,3.7697145109521655,4
420,3,2.9524784814706098,3
421,2,4.155144865303754,5
422,1,1.747634812293693,1
423,5,4.047862050999875,4
424,5,4.058553974793896,4
425,2,4.444625790195069,5
426,1,1.7351571102096772,1
427,3,1.6388467530282507,1
428,4,3.256164733937315,4
429,1,0.9916079286748424,1
430,1,1.672294177245308,1
431,1,2.5184776569164855,3
432,1,3.136508845744503,3
433,2,4.232497651266998,5
434,3,4.390899951155854,5
435,4,4.6480826643133355,5
436,3,1.9821364245380595,2
437,5,4.376528051093902,5
438,2,1.4120339152748664,1
439,1,2.7618759853518378,3
440,2,3.168140154315836,3
441,1,2.7413293582894096,3
442,4,3.2920930011916707,4
443,5,4.065070927233259,4
444,5,4.840858680106331,5
445,5,3.3529824393449803,4
446,2,2.8908660648055693,3
447,1,1.6582028772905684,1
448,1,2.075670979446355,2
449,3,4.346567934552001,5
450,3,4.796625386453115,5
451,2,2.564708593179713,3
452,5,4.331431320317046,5
453,5,4.270822159521506,5
454,1,1.2904443941692025,1
455,1,1.0785083201394492,1
456,1,1.0347737974004076,1
457,2,1.6438667988309457,1
458,2,3.3192791755300037,4
459,3,2.910316271986595,3
460,2,3.902443434130105,4
461,1,3.1733553935179306,3
462,3,3.608248224190208,4
463,2,2.243380317192768,2
464,2,1.3141745648583538,1
465,1,3.4686056414174975,4
466,1,2.0936597335093703,2
467,2,3.0125497242145,3
468,4,3.9349435595409448,4
469,5,4.323825943173044,5
470,3,3.0470134860322733,3
471,1,1.9374874009801473,2
472,2,2.8602030541128665,3
473,1,1.5270898649823532,1
474,2,2.9895923045819046,3
475,4,4.8855984574718505,5
476,4,4.979970564246627,5
477,1,2.9335882411616105,3
478,3,2.963382560446298,3
479,1,3.709823261299999,4
480,4,1.5000347194899506,1
481,3,2.139840552846562,2
482,2,3.3190443959105154,4
483,1,1.6538500246276109,1
484,3,2.6947133596599233,3
485,3,3.530498197600088,4
486,4,3.9773552484181076,4
487,1,2.1804136394757574,2
488,2,1.2181090452442158,1
489,5,2.982976543808996,3
490,5,2.559948343599189,3
491,4,2.968129522076437,3
492,1,1.329755798504665,1
493,2,4.546123282183226,5
494,3,2.4375847808657602,2
495,3,2.0711065977987952,2
496,5,4.706505428465981,5
497,4,3.660230397160891,4
498,5,4.56027314229074,5
499,4,2.6927297398417593,3
500,5,2.9234414303865996,3
501,4,2.4998302038407747,3
502,5,4.513806837814087,5
503,5,4.056429565008628,4
504,2,2.7741245416379656,3
505,4,3.4593370517359974,4
506,2,3.7112867761016513,4
507,2,2.3670292087705183,2
508,5,2.593532434069942,3
509,2,3.595546893969516,4
510,3,2.8375144419267073,3
511,1,1.8584504359932783,1
512,5,4.493992045765395,5
513,2,2.5210704766187235,3
514,1,2.0531526478324325,2
515,1,1.544466790725357,1
516,2,2.2682801943466133,2
517,4,4.172780951116324,5
518,5,3.519446606269616,4
519,5,1.2537189053364475,1
520,2,3.5527032082837673,4
521,4,3.3538789705696472,4
522,5,5.020246482402532,5
523,2,1.6490414874406107,1
524,1,3.5327896883496237,4
525,1,1.7168699604580537,1
526,1,2.229993883467541,2
527,3,4.48582443800283,5
528,2,1.8702924479270555,1
529,2,2.237899500649854,2
530,1,3.992462308939511,4
531,2,1.5314645867541554,1
532,3,2.2858099143599135,2
533,2,3.6683100553490076,4
534,4,3.5666277022164867,4
535,3,2.63881520933808,3
536,5,3.80273801110096,4
537,5,3.365381134689752,4
538,1,2.1252816372466015,2
539,2,3.037870800369637,3
540,5,4.04693623625796,4
541,1,1.0897421986520461,1
542,2,4.083088973934467,4
543,1,3.874468002565045,4
544,1,2.0479788711990117,2
545,5,3.6124681637751177,4
546,3,2.35647748790889,2
547,1,1.8652786079351509,1
548,5,3.3128718451519723,4
549,2,2.9978684415974537,3
550,5,4.3116101014110235,5
551,1,2.3657963217930704,2
552,3,3.7150576641677175,4
553,2,3.550480593063902,4
554,1,1.52358685652814,1
555,1,2.022224408942393,2
556,3,2.7342814137918436,3
557,4,2.4418337488026207,2
558,5,3.8194224557650593,4
559,2,1.5303584866354156,1
560,5,3.689037328292561,4
561,3,2.75370952729858,3
562,2,1.330418650512143,1
563,5,2.80100825758082,3
564,5,4.748487335905651,5
565,1,2.7700797091549516,3
566,2,2.578308960694957,3
567,1,2.230827144489242,2
568,1,2.203470732174471,2
569,1,2.010806079844109,2
570,3,2.144810562526705,2
571,1,1.452768002185244,1
572,1,2.8353724783325545,3
573,3,2.649110850957674,3
574,4,3.31782578973583,4
575,5,2.8450492718748794,3
576,1,1.441341889122848,1
577,1,3.4328554314123343,4
578,1,3.233236938288503,3
579,5,4.184603466298851,5
580,2,1.2784918202776254,1
581,3,2.1154524984408423,2
582,4,3.4954390357479803,4
583,1,1.2462653052607229,1
584,3,3.9094365738596553,4
585,5,4.593987736872923,5
586,2,2.5551654295755157,3
587,3,1.3364427111332073,1
588,5,4.960512692798866,5
589,2,2.293907609705658,2
590,3,4.661815605558806,5
591,4,4.210994713830261,5
592,2,2.4595198930962927,2
593,1,2.2564921349139055,2
594,1,2.7215566837890095,3
595,3,3.1384305721350914,3
596,2,1.483113119001092,1
597,4,2.5224004203294808,3
598,5,2.272802858208691,2
599,5,4.2340136337600685,5
600,3,4.000821048818699,4
601,1,1.8284460559958942,1
602,5,3.82981622095334,4
603,2,2.5782084038002995,3
604,5,2.798159969677865,3
605,3,2.302307939876836,2
606,4,4.040587275805896,4
607,2,2.2507331790496177,2
608,1,3.664489375069589,4
609,4,3.266758388970986,4
610,5,3.129497877302758,3
611,4,3.97731426228019,4
612,2,2.975186450816478,3
613,1,3.0419963783265724,3
614,1,1.956619636823034,2
615,3,1.8446761191839323,1
616,3,3.0276877799668864,3
617,2,1.9703526513534915,2
618,4,3.6495007214329194,4
619,2,3.473160549771172,4
620,4,4.198347379276148,5
621,2,1.043022569281898,1
622,1,4.7030226623917954,5
623,2,2.105303424362336,2
624,2,3.4575180807925805,4
625,4,4.953182720569387,5
626,1,1.4500098853468175,1
627,2,2.6119334983063287,3
628,3,2.3241150590864965,2
629,2,2.6635290798455697,3
630,5,4.761497477404572,5
631,4,4.924669040076999,5
632,2,2.281124921408753,2
633,4,2.544871585899912,3
634,3,2.637854329058229,3
635,5,4.816362784688861,5
636,2,1.304465150588212,1
637,1,2.4217703971930695,2
638,2,2.561019966668749,3
639,1,3.707128638417132,4
640,3,4.1973104886483075,5
641,1,1.0581550978029435,1
642,1,1.2042598773894744,1
643,2,2.906244248920454,3
644,5,2.86743969823664,3
645,4,3.6110055462096673,4
646,3,3.9114436285926373,4
647,2,3.3250348204741953,4
648,2,3.4919234615296437,4
649,4,4.378379062993461,5
650,4,2.859989090023417,3
651,3,3.062908627120994,3
652,2,1.8546121802469522,1
653,2,2.6747148194723276,3
654,4,4.3002998934277,5
655,2,2.24546605701204,2
656,3,3.1956432167363795,3
657,1,3.401823313513852,4
658,1,3.1369778736943643,3
659,1,2.4500166625754396,2
660,2,3.486962188671435,4
661,3,1.9329235881688185,2
662,1,1.3088598119709256,1
663,1,1.8294016360940089,1
664,5,1.9355537155619904,2
665,1,2.4483004648177356,2
666,1,1.801429185491639,1
667,3,3.615726907127048,4
668,2,3.0233304131985,3
669,2,2.120907828667568,2
670,3,2.3356134330071248,2
671,4,3.497196622553379,4
672,1,1.3826015880043145,1
673,4,3.847827790980432,4
674,2,3.352306623542935,4
675,5,4.30579651175943,5
676,3,2.5462253798058367,3
677,2,2.3078227528079855,2
678,2,2.662525163439837,3
679,5,3.570418952585823,4
680,4,2.1967989282456513,2
681,1,1.2578971362666336,1
682,5,1.989069033455195,2
683,2,1.7869785540546215,1
684,1,2.8684247606719255,3
685,1,2.6356062103960705,3
686,2,3.551126856105405,4
687,3,4.409531924384719,5
688,3,2.0779950936480005,2
689,3,2.644662502432521,3
690,1,3.470439469269549,4
691,1,3.150830184800853,3
692,2,4.005688243091376,4
693,4,4.1079950499864255,5
694,3,2.376832552298912,2
695,2,2.660385876761917,3
696,3,3.0644865542030004,3
697,4,2.2277284817913983,2
698,1,1.7608906957635009,1
699,5,4.001610473081029,4
700,4,3.3010847436298563,4
701,5,3.1900350773329946,3
702,5,4.925604708104874,5
703,3,3.7375295342724586,4
704,5,2.203581096541786,2
705,5,4.50062301104672,5
706,4,3.4661235027336232,4
707,5,3.272649977965274,4
708,3,2.617763943203302,3
709,3,3.361415327629929,4
710,4,3.7947672945502386,4
711,2,2.806447149658187,3
712,1,1.8413176484621245,1
714,2,4.049849493377105,4
715,3,1.7602395186904318,1
716,4,2.479112996507729,2
717,4,4.225638818750505,5
719,3,1.9268214819471157,2
720,2,2.672483194674513,3
721,1,2.0479341811079705,2
722,1,1.052506374361678,1
724,4,4.674028141590129,5
726,2,3.9867513816891518,4
727,3,2.712179384093981,3
728,4,4.421435775006234,5
730,3,3.259439072298307,4
731,5,4.553749600793271,5
732,4,2.942196396220476,3
733,4,2.4606634519178248,2
734,5,4.802980015286782,5
735,3,3.9195665901894876,4
736,2,2.412069747853516,2
737,1,1.6848709104633677,1
738,2,4.2194090279712695,5
739,3,2.6317530406460556,3
740,4,4.391079249479123,5
741,5,3.215531268004753,3
742,1,1.2090774113817642,1
745,1,1.1371715086978758,1
746,3,2.9870092936601313,3
747,4,3.1392658599803114,3
750,2,2.18330823660486,2
752,2,1.2852936847957301,1
753,1,1.9856451715572894,2
754,4,3.398102721280006,4
755,2,2.095484388181842,2
757,1,3.1294128929322236,3
758,3,2.1717867273417135,2
759,3,1.8651308682520007,1
760,4,2.8733556675495735,3
761,2,2.62806232474591,3
762,1,2.2464270320652653,2
763,4,3.2666593098918186,4
764,1,2.3564526880615313,2
766,1,1.99596128573951,2
768,5,4.993841632118291,5
771,3,3.145355969316885,3
772,4,2.7051602985326615,3
774,2,4.279730279541718,5
775,3,2.0762449194044668,2
777,4,3.476514020908632,4
778,3,1.4778256483564112,1
779,5,2.1380902396075356,2
780,2,3.0124621003414034,3
781,1,2.2954946368114015,2
782,2,1.823762391178158,1
783,1,3.2882163029985536,4
785,5,2.162340126763521,2
786,3,2.57446452988463,3
787,1,2.365328435949366,2
788,5,3.313297377522331,4
789,2,1.761355132690922,1
790,3,2.5762650393817954,3
791,1,2.6065666404103447,3
792,5,3.383189370379346,4
793,4,3.4128700941849717,4
794,4,3.28408311939932,4
795,1,2.6178413342023092,3
797,5,5.006732128942749,5
798,1,1.3158800294442834,1
801,2,2.3710135963336345,2
802,4,3.9715733255207257,4
803,4,2.7600515419850784,3
804,1,1.1340327320059436,1
805,2,2.3040318887043547,2
806,4,3.1253631644417696,3
807,4,4.35209845318997,5
808,4,2.8390249736549973,3
810,2,3.689693598856857,4
812,1,2.485970977829417,2
813,1,1.5368915872613376,1
814,3,2.5615471488182506,3
815,4,3.0782282338562346,3
816,2,3.9993510830955414,4
817,4,3.5497611085469347,4
819,3,3.635638479855715,4
821,2,2.394790895118102,2
822,3,2.024747552662598,2
823,4,2.357445680974412,2
825,1,1.7757496057861089,1
826,2,2.3040797331951417,2
827,4,3.439037376225105,4
829,1,1.6923794650166852,1
830,2,3.233331016007953,3
831,2,2.0907652143152076,2
832,1,1.682627589819895,1
833,1,2.472838638245912,2
836,3,3.5443465418311155,4
837,4,4.46976128577869,5
838,4,3.764610937289231,4
839,2,1.7798949986165071,1
840,1,1.3343534096982665,1
841,5,3.5092109592559817,4
842,4,3.663265195825171,4
843,4,2.541422276128706,3
844,3,1.7018576097319917,1
845,3,1.686303965147826,1
846,4,1.5819961464847219,1
847,4,2.220514588503896,2
848,5,4.312174243313404,5
850,3,2.583788617604235,3
851,4,3.4022367074933837,4
852,2,1.4024779351327579,1
853,3,1.9485621269884956,2
854,1,1.9507886802908943,2
855,5,4.62433199390131,5
856,1,1.5174147255788915,1
858,2,4.049016656600595,4
859,3,2.6965518069382064,3
860,3,1.2814959100080925,1
861,1,2.040550863329685,2
862,2,2.73372314842797,3
864,1,2.941677885538765,3
865,4,3.2488306555069033,3
866,5,4.772152232186316,5
867,2,1.3358142809358529,1
869,3,1.2297351770813614,1
870,1,2.5542675290970114,3
871,3,2.744650619895917,3
872,1,2.997724258177398,3
875,1,2.166934111635316,2
876,1,2.376031869905036,2
880,4,3.1504326204031665,3
881,1,2.066791090227922,2
882,3,2.4001551515508948,2
883,3,2.489044425605088,2
886,1,1.8481525806295178,1
887,1,2.584432542617439,3
889,4,2.075692640458924,2
890,3,2.977204119675704,3
891,1,1.143092336301478,1
893,4,3.1217014198500967,3
894,1,1.3368438488758523,1
895,1,1.1572043706138662,1
897,1,2.630838167478995,3
898,4,4.031375739302874,4
900,3,3.753733639563446,4
901,4,3.71730172206363,4
902,5,4.25940383560702,5
904,4,4.048798162348478,4
905,3,3.7972985790714655,4
906,4,3.1406390986213686,3
907,2,1.6268731461529156,1
909,5,3.720815697250014,4
913,2,2.0397561032001854,2
914,4,3.18480771482024,3
915,5,4.152072380299241,5
916,1,1.4752299382927503,1
917,1,2.231207472925934,2
921,2,3.33178040164813,4
922,4,2.5258212070244133,3
923,3,1.5423425247569031,1
924,2,1.47826671581748,1
925,4,3.3483666840509927,4
926,5,3.7823636839338186,4
927,5,3.999919598909349,4
928,3,1.9155551973623368,2
932,3,3.65136192843764,4
934,4,2.4686382991630107,2
935,1,1.9146653633951858,2
936,1,2.933080231217296,3
938,5,4.31941998569549,5
941,1,2.2411864249039595,2
942,4,1.6939942427759702,1
943,1,1.969416022039202,2
944,3,2.1174440039622744,2
945,1,1.5854140542311552,1
946,1,1.2266385289812571,1
948,2,3.2761378387190248,4
949,1,3.5634664149465487,4
950,1,1.1907208696742178,1
953,1,2.2033754643354224,2
955,5,3.511337830331484,4
956,2,1.5011582995408328,1
957,3,2.025150381917019,2
958,5,4.037450414193689,4
960,2,3.391183195973427,4
961,4,4.030697250862007,4
962,4,2.7189068901828195,3
964,4,4.4282123516328245,5
965,3,2.363589590252509,2
966,3,2.1104958924354746,2
967,4,2.2228900419129456,2
968,1,1.2611567839898659,1
969,4,2.758341734803763,3
970,4,3.528670654302268,4
971,4,2.709052479672242,3
972,2,1.3022777218373038,1
973,4,3.069987215409826,3
974,4,4.0190425057941015,4
976,2,3.1952413856808723,3
977,4,3.444574877501507,4
978,4,2.4595897785036316,2
980,2,2.9285947138476764,3
984,4,3.2294524724339864,3
985,3,2.3745512052633226,2
988,1,2.1223697566095887,2
992,3,2.894415172996989,3
993,5,4.7906799260692,5
994,5,4.261792231767311,5
995,4,3.3051784896041108,4
1000,5,3.268041213405123,4
1001,4,2.8930133788361054,3
1002,2,2.9135476839685137,3
1004,1,2.7058763043407366,3
1005,5,4.754030469199495,5
1008,3,2.9300363714973967,3
1009,2,2.803941794643924,3
1010,4,4.018475463542776,4
1012,5,4.77947020772696,5
1014,1,1.1125149216403096,1
1015,4,2.389621650951313,2
1016,5,2.9170040154558636,3
1017,3,1.324161809932109,1
1018,4,3.177400882168789,3
1019,2,2.338486745033847,2
1020,1,1.2210967316153816,1
1022,1,1.126346829022956,1
1023,1,1.0613344485003233,1
1025,1,1.1207609600923336,1
1026,2,2.6552658569574827,3
1027,1,1.1708499702402468,1
1028,1,1.654520792547048,1
1029,1,1.261436610883812,1
1030,1,1.9466838022810797,2
1031,3,2.679381994611317,3
1033,1,1.0340574882929976,1
1034,1,1.4890346238442258,1
1035,1,1.1931389800661856,1
1036,1,1.8405505539087539,1
1037,1,1.2123190333283982,1
1038,1,1.5386022683982818,1
1039,1,1.4981816977077087,1
1040,1,1.1749629350582589,1
1041,4,2.0962739759583013,2
1043,1,1.8220435184635204,1
1044,1,1.254478438825836,1
1045,5,2.3487581080041666,2
1046,1,1.1029934505147192,1
1047,1,1.042051809642881,1
1048,1,1.0129831657456105,1
1049,4,3.14693709236539,3
1052,3,3.6952950749069977,4
1055,4,3.1001103921312287,3
1056,3,3.021853707120382,3
1057,2,1.8038340035832607,1
1058,3,3.8567631892729906,4
1059,2,1.9909770288763657,2
1062,1,2.307204626876782,2
1063,3,1.8649774951845284,1
1064,3,3.250077314275645,3
1065,4,3.706518975485399,4
1069,3,2.1632857998174404,2
1070,4,3.6924897139162796,4
1071,3,1.9500591751436003,2
1072,5,3.388465797925116,4
1073,5,1.593230710674028,1
1075,3,2.2265726330349556,2
1076,2,2.682844556476922,3
1077,3,2.6257177794388844,3
1078,3,2.0524817102138173,2
1079,1,1.4201645346782732,1
1080,1,1.996850837679981,2
1081,3,2.0614499573940743,2
1084,3,3.543696569068801,4
1085,2,1.3924207784327558,1
1086,4,4.257320012584822,5
1088,3,3.131807765758897,3
1089,4,3.35479407059521,4
1090,1,2.6855904372522783,3
1091,1,3.415638226695346,4
1092,4,3.8858843810285073,4
1093,5,2.9811746179109884,3
1094,4,4.344822192913037,5
1095,3,3.1632578106534015,3
1096,1,3.9709815310444827,4
1097,4,1.8336456111867263,1
1098,3,4.3126204733688756,5
1099,2,2.706446287133064,3
1100,1,1.8825869052339526,1
1101,4,3.739431220776619,4
1103,2,4.29352504992867,5
1104,1,2.189107325909339,2
1105,4,3.8121864035659385,4
1111,3,2.663766207352313,3
1112,2,2.587304618821109,3
1113,3,3.8160918353330424,4
1115,2,2.708942641312157,3
1117,4,3.121574864657879,3
1118,5,4.41684627709822,5
1119,3,2.5044590191061595,3
1121,5,4.530730519594481,5
1124,3,2.717564072274068,3
1125,3,4.1830889446273,5
1127,5,3.4267698122946384,4
1128,2,2.400821665269217,2
1129,5,3.998715224599561,4
1131,2,1.8433767837038966,1
1134,2,2.3094998057079064,2
1136,5,3.919065303434534,4
1137,5,4.055660659188426,4
1139,3,2.6808748232229065,3
1141,5,4.997494446671178,5
1142,5,3.604698131398476,4
1144,4,3.5978491747541588,4
1146,1,3.884254118393949,4
1147,2,2.1754085180242564,2
1148,4,3.5149407117256843,4
1149,1,1.4167223158788131,1
1151,3,2.2572051293884554,2
1152,3,2.449459780237317,2
1153,4,3.602754249330842,4
1154,4,1.8450340700662862,1
1155,3,1.3073170103063163,1
1156,1,1.352462415783401,1
1158,1,1.15126539148267,1
1159,1,1.1508337006396374,1
1160,1,1.093307386424176,1
1162,1,1.0785067076331387,1
1165,1,1.0469942994564876,1
1166,1,1.1469532316665245,1
1167,1,1.0310833993739386,1
1168,1,1.2367508304400008,1
1169,1,1.1761603473214635,1
1170,2,1.572237074610519,1
1173,1,3.4472449614412066,4
1174,2,1.8361093078284347,1
1175,1,1.0721709109918345,1
1176,1,2.659737693937142,3
1177,1,1.5964538892233524,1
1181,1,1.1575681108991474,1
1183,1,1.008427881810208,1
1184,1,2.0707684547194796,2
1187,4,2.3260863559864924,2
1188,4,3.5398575578908993,4
1189,3,2.5919563209864487,3
1190,2,2.062858762290937,2
1191,4,2.2998639353876325,2
1192,3,2.0781430695165524,2
1193,2,2.1596422302931138,2
1194,2,2.666486273885734,3
1196,4,3.4660507772976765,4
1197,1,2.080358214310782,2
1198,3,2.425101884518852,2
1199,4,3.553090325490276,4
1200,3,2.6137253555496622,3
1201,3,3.812675204146305,4
1202,5,3.4312287010193776,4
1203,3,2.280756267405933,2
1204,5,4.108234515170533,5
1205,2,3.5973233750784384,4
1206,1,2.174788096821922,2
1210,2,2.13622449827529,2
1212,3,2.020715178915951,2
1213,4,4.007708033134337,4
1215,2,3.1655398637407273,3
1216,4,3.276291626619297,4
1217,3,3.4410983420574177,4
1218,5,3.2606384184728094,4
1219,4,3.8402494699309373,4
1220,2,2.2741692176608446,2
1221,3,3.543083294370429,4
1223,1,1.8043190259743127,1
1224,4,4.477786677110779,5
1225,3,2.3268281690600086,2
1226,1,1.4263467968895032,1
1231,1,2.7525852068046204,3
1233,3,3.8003199355492403,4
1234,4,2.9364156904112573,3
1235,1,1.487234184653476,1
1236,2,3.280917217800351,4
1237,3,3.293075261206799,4
1238,1,2.048385677616542,2
1239,5,3.367107044902496,4
1240,2,1.9420638030553166,2
1241,2,1.9218682252080461,2
1242,1,1.4545280664552038,1
1243,5,3.153099466457056,3
1245,4,3.5939611725513854,4
1246,2,2.463106150764736,2
1247,1,1.4362319916919926,1
1249,2,4.0307676245957715,4
1250,3,2.914106496136787,3
1251,3,3.069648362131033,3
1252,2,1.8941130760078633,2
1253,3,2.7299370685741295,3
1256,3,2.642388292090803,3
1257,5,4.592741378774996,5
1258,2,3.216499148703149,3
1259,3,2.435268329235094,2
1260,1,3.1079141451557626,3
1261,5,3.1203204677607452,3
1262,3,3.068654834641539,3
1263,3,2.7327407482665773,3
1266,1,2.6067146522399742,3
1267,2,3.8428585081621325,4
1268,1,1.1372193901181245,1
1269,1,1.159221292247743,1
1270,3,3.8979987864164207,4
1271,4,4.566115930031829,5
1272,2,3.4395325471269538,4
1273,4,4.445638757136061,5
1274,3,2.8160275572488613,3
1276,4,4.842050731449702,5
1277,5,3.1045290531758303,3
1278,3,2.0293480153649215,2
1279,5,4.371180277900621,5
1280,2,2.4576398957898284,2
1283,5,4.0136731223091475,4
1284,1,2.959383305705358,3
1285,3,3.3366443307873124,4
1286,3,3.6483455848795274,4
1287,2,3.5160094543836777,4
1288,3,2.432952870350006,2
1289,4,4.610275774390885,5
1290,4,4.457086627214075,5
1291,3,4.410358542634106,5
1292,2,2.2867434079878124,2
1293,1,2.480515824012257,2
1294,2,2.5873659883389903,3
1295,2,2.797027556727788,3
1297,3,2.3787702400607107,2
1300,5,3.7512073454441794,4
1301,4,3.552066518012039,4
1303,4,1.5944369413643842,1
1304,5,3.196102507391166,3
1306,5,4.849514708827438,5
1307,3,2.0496649683764554,2
1308,4,2.797812271356954,3
1309,4,3.932293994332914,4
1312,5,5.011670768930621,5
1314,4,4.245268033549015,5
1315,5,4.669521555470808,5
1316,5,4.902975252166813,5
1319,4,5.0341953594058655,5
1322,3,2.297135207043429,2
1323,2,2.341285401880883,2
1324,3,3.893097176784875,4
1325,4,4.04467058201282,4
1326,4,3.7079240405411302,4
1327,5,3.493731929834657,4
1328,5,4.70015052945385,5
1331,5,4.311960725317092,5
1333,3,3.2207896943912964,3
1334,4,4.383980605186662,5
1335,4,4.870994609842882,5
1336,3,1.9546595187733593,2
1338,4,3.7893500907829316,4
1339,4,3.648310241919977,4
1340,5,3.439909914160145,4
1341,3,3.7340835297990274,4
1344,4,1.5022527420216603,1
1345,4,3.7157076582935176,4
1346,1,1.118527260128881,1
1348,5,4.4600461291578215,5
1352,2,1.934142232952025,2
1353,2,2.7740202744767655,3
1355,4,3.7081358799600284,4
1356,4,2.978978160330946,3
1357,1,2.1725392617483967,2
1358,5,4.1843978718974695,5
1359,4,3.8350298329058674,4
1360,1,2.068211117254341,2
1361,4,4.240010913191436,5
1362,2,2.840895936356222,3
1363,1,2.0699134933738566,2
1364,1,2.9112509301655956,3
1365,2,1.1077215639937599,1
1366,4,3.630445021251449,4
1367,3,3.5733925665052135,4
1369,4,3.964762025980128,4
1371,3,2.673635564180667,3
1373,1,1.130813111335111,1
1374,4,4.7479174566568165,5
1375,1,1.991835624033463,2
1376,3,4.281974064898713,5
1380,2,2.0982675884831457,2
1381,1,1.9027103759439776,2
1382,4,3.431536680615776,4
1383,3,2.0923784088653647,2
1384,2,2.367246466897021,2
1385,1,2.293635921829763,2
1386,2,2.7526550088271597,3
1387,5,4.569672162167479,5
1388,4,3.3058173879863646,4
1389,4,4.11680304741689,5
1390,5,4.678250434970939,5
1391,5,4.226100228996483,5
1392,5,4.846587905863198,5
1394,2,2.8670441317587634,3
1396,5,3.753569960135368,4
1397,4,4.260136018313477,5
1398,3,2.8010491700887363,3
1399,5,4.53152287902953,5
1401,2,2.3841490150758724,2
1402,3,2.514585803558653,3
1403,1,1.8778316646656634,1
1404,1,2.2762716296555596,2
1406,5,4.895510244985318,5
1408,3,3.375793189490076,4
1409,1,2.909940287925596,3
1410,3,3.8433621081033893,4
1411,4,4.807690989879907,5
1412,3,3.7306451160982315,4
1413,2,1.8100639344309202,1
1414,2,3.48619726182043,4
1415,1,1.4611590996633652,1
1416,4,3.291393402940623,4
1417,1,2.6536602899585953,3
1418,1,2.6142449087673802,3
1420,1,1.051857707748151,1
1421,1,1.2629187565085245,1
1422,1,1.0258947841872936,1
1423,1,2.216796601432296,2
1424,1,1.437313740864904,1
1425,4,2.643000721218431,3
1426,1,1.087282812056201,1
1428,2,2.5719702212551794,3
1430,1,1.743839822047706,1
1431,2,2.2870215379386583,2
1432,1,2.1720439016155875,2
1434,1,1.615184852931129,1
1435,1,2.6597528980978544,3
1437,1,1.0613944497795211,1
1438,1,1.3006851490190168,1
1439,1,1.383579792975422,1
1440,1,1.1876366730086731,1
1443,5,4.749878319595537,5
1445,1,1.5668077199279264,1
1446,2,1.9614582216692424,2
1447,4,3.0188061401612245,3
1448,1,2.0922873907024035,2
1449,1,1.6652327263644549,1
1450,1,1.2268130674675197,1
1451,4,3.7439465685171385,4
1452,2,1.399671805679678,1
1453,2,2.3643531066132595,2
1454,3,1.6872907419511936,1
1457,2,1.3572529099946076,1
1458,1,1.1195850544900554,1
1460,2,2.153660203675124,2
1461,1,1.800620238683321,1
1462,5,4.283779112672156,5
1463,2,1.644675433789266,1
1466,5,4.8570192502528045,5
1468,3,2.857089127795567,3
1469,3,1.7632088331825844,1
1470,2,1.7733786596467676,1
1471,1,1.6602828660558555,1
1472,3,2.7996945779252225,3
1473,2,1.9250307787064789,2
1474,1,1.312955696065245,1
1475,1,1.844230804968854,1
1476,3,1.567793823494906,1
1477,3,2.3427339624539263,2
1478,2,1.4994875606568479,1
1479,2,1.8691376404851807,1
1480,1,2.502344702239712,3
1483,1,1.255518787663241,1
1484,5,2.8166326524767027,3
1485,2,1.6420693285131378,1
1489,3,2.755435515968325,3
1490,1,1.1550584075055241,1
1491,2,1.475294496168795,1
1492,5,4.437857366819381,5
1493,2,3.71609467652568,4
1494,1,2.233192866274198,2
1495,1,1.2980299118031726,1
1496,2,3.2330482138460326,3
1497,5,4.723057150794769,5
1498,3,2.423858074887164,2
1499,1,2.103316787804684,2
1501,3,2.4208876833714332,2
1503,2,2.3705311485220046,2
1504,1,1.590402878933093,1
1505,1,1.3941947863251507,1
1506,1,1.0205767556056606,1
1511,2,1.4552263437495958,1
1512,1,2.0344731242613667,2
1513,1,1.2350747753011138,1
1514,3,1.951143147016139,2
1515,1,1.4515577216202729,1
1516,3,4.196933444032846,5
1517,4,4.616147918934312,5
1518,5,2.579478506866149,3
1519,3,1.5651719917572238,1
1520,2,1.850779637098888,1
1521,1,2.395041922639694,2
1522,1,1.4860871217920195,1
1523,1,1.9160229182842476,2
1524,5,3.953763689620197,4
1525,2,1.1242510914542423,1
1526,2,1.4949319971546347,1
1527,3,2.4987315135854633,2
1528,2,1.2894884818621803,1
1529,4,3.762128417657397,4
1530,1,1.4086967926597915,1
1532,4,2.551293671134253,3
1533,2,1.8908373368076195,2
1535,1,2.0672183979957763,2
1537,1,2.123621176127696,2
1538,1,1.4476358280234845,1
1539,1,1.5116876175225682,1
1541,2,3.0179530906113126,3
1542,1,2.0673379851620703,2
1543,2,2.2315615682936407,2
1544,4,3.687879225160337,4
1546,1,1.4229155726992995,1
1547,2,1.9942555631019463,2
1548,1,2.083667273334631,2
1549,1,1.7226429645236119,1
1550,3,2.0812581286744605,2
1551,4,2.3448112316394956,2
1552,3,1.77784311290806,1
1553,1,1.3879092859395203,1
1554,1,1.2871706045482543,1
1558,2,1.892104306811401,2
1559,1,1.4232979595235824,1
1560,3,2.7126834174794188,3
1563,2,2.2039841451734508,2
1564,1,1.3216002576685901,1
1565,1,1.4047545953192464,1
1566,3,1.432684859226034,1
1568,1,1.4140775234799408,1
1570,3,1.9914750228153284,2
1571,4,4.856280365208376,5
1572,3,1.9173983944174904,2
1574,1,1.036810310706815,1
1575,4,4.562583185065394,5
1576,3,1.2775926628139151,1
1577,1,2.685250961493188,3
1578,3,2.2277438445205338,2
1580,4,1.7787844216013864,1
1582,1,1.2217222320852716,1
1584,3,1.4460485616131857,1
1585,2,1.1109310924611397,1
1587,2,1.5578039547649822,1
1588,3,1.1084500674055175,1
1590,1,1.0195821175403859,1
1591,1,1.613738984968782,1
1593,1,1.7171518735296682,1
1594,1,1.588576708803414,1
1595,1,1.5772312051304311,1
1596,3,2.268769405306867,2
1597,2,1.6807796391512868,1
1598,3,2.126907137791649,2
1599,2,1.6184842020403853,1
1600,1,1.071442928654795,1
1601,1,1.03576372113309,1
1604,1,1.01755085103715,1
1605,1,1.5619719564552463,1
1606,4,3.3870716971898105,4
1607,4,2.0936866684742093,2
1608,4,2.321177771970673,2
1609,3,1.0570935498566358,1
1610,3,1.9618087477557256,2
1611,1,2.5707651133765133,3
1612,5,4.767371586667455,5
1614,2,1.8552471166503874,1
1617,2,1.7002500047003,1
1618,1,1.2053398614973259,1
1619,1,1.620205851171648,1
1620,5,4.263845335649579,5
1621,5,4.164832998384418,5
1622,3,1.1463257607637602,1
1624,5,4.209295099148744,5
1625,1,1.1827255853254344,1
1628,3,2.043013532553214,2
1630,3,2.330480197046686,2
1631,1,1.3919040155613802,1
1633,2,2.555674710736966,3
1634,2,2.2743426277874015,2
1635,3,3.2368503706505884,3
1636,1,1.5455451155654694,1
1638,2,2.204600754606034,2
1639,1,1.3986046039389934,1
1640,1,2.1317576110439376,2
1641,3,1.3568584353338524,1
1642,2,1.3721818505299594,1
1643,1,1.4026496498905443,1
1645,3,2.803134760038135,3
1646,5,1.8442364397215916,1
1647,2,1.3298259078142352,1
1650,2,1.3528585473397496,1
1651,1,3.796833984580662,4
1652,3,1.911840633667971,2
1653,2,3.52561874580933,4
1654,2,1.6960241214843543,1
1655,4,4.329353206957721,5
1656,1,1.2448139180438003,1
1657,2,2.2292937108944226,2
1658,3,1.586990452390503,1
1659,2,3.943478498609972,4
1660,4,3.495660802135621,4
1661,3,2.100295446916446,2
1663,2,1.3608593086323806,1
1665,2,1.5645702225720037,1
1666,1,1.9202590276123628,2
1667,1,1.466120705106556,1
1668,1,1.694992929476587,1
1669,1,1.4725119218795886,1
1670,2,1.5747021235087575,1
1671,3,2.8139006085373737,3
1672,2,1.9528771703195926,2
1674,3,2.8872031956454314,3
1675,2,2.6220014254012907,3
1677,1,1.3877945517729384,1
1679,1,1.0468734679648561,1
1680,1,1.0422172648270471,1
1681,1,0.9685842912330183,1
1682,1,1.0755935396520377,1
1683,3,1.7348501536526044,1
1684,4,2.6004869325025637,3
1685,1,1.409159225295926,1
1686,3,1.4370009214473263,1
1687,1,1.4008529390339055,1
1688,1,1.7313479511674013,1
1689,4,3.538224464754565,4
1690,1,1.0921410451653795,1
1691,4,4.241920768010887,5
1692,1,1.1980446115484256,1
1693,4,1.7753174313085627,1
1694,4,2.9496329887226276,3
1695,2,1.1811955271747772,1
1696,3,2.3623199988605172,2
1697,3,3.064653418722867,3
1702,1,1.7249037062633132,1
1703,3,2.6574676967454236,3
1705,5,4.419403091273614,5
1706,3,1.1900740332850936,1
1707,4,2.926445805719154,3
1708,2,1.0759358623898003,1
1709,2,1.3526299612133754,1
1711,2,1.508252382718245,1
1712,1,1.3368422303578766,1
1713,3,2.315349531155471,2
1714,3,1.3920391202302036,1
1715,4,4.337635969188094,5
1716,3,2.5872082994061167,3
1719,4,2.373089825632991,2
1720,5,3.8261808694220174,4
1721,4,3.532343697050723,4
1722,2,2.2699274902009647,2
1724,4,2.4028088424421887,2
1726,2,1.9733980960224682,2
1727,1,3.866912125877047,4
1728,2,1.8532401341177347,1
1729,4,3.898279708088493,4
1730,1,2.2063720480509152,2
1731,2,2.265513327195409,2
1732,1,2.1234636162224816,2
1734,3,3.1532206830934606,3
1735,1,1.0395858101623354,1
1738,1,1.403335397691342,1
1739,2,1.4930243836735921,1
1740,1,3.588056655356008,4
1741,4,4.817872214292523,5
1742,4,4.400974427290216,5
1743,2,2.414416437375608,2
1744,5,4.5387304718977575,5
1745,1,1.1395379810800321,1
1746,5,4.982072607429632,5
1748,3,2.8925834104558095,3
1749,1,1.0186520997799227,1
1750,1,1.3192109329023363,1
1751,1,1.049594377420475,1
1752,1,1.7023456699760386,1
1755,1,1.0285110541377351,1
1756,1,1.1207788238344452,1
1758,1,1.1112664558228988,1
1759,2,1.226555354705453,1
1760,1,1.2279137216225935,1
1762,1,1.739884485659074,1
1763,1,3.949091184518196,4
1765,1,1.349582021895803,1
1766,3,2.333893700936303,2
1769,2,2.0381868691285043,2
1770,3,2.332415000008171,2
1772,1,1.4450320435899686,1
1774,1,1.8546183106361134,1
1775,1,1.5862350234805096,1
1776,2,2.927551886097057,3
1777,1,1.2216677927577395,1
1779,3,2.035743264777849,2
1781,3,2.7363883828177986,3
1782,2,2.324203978402198,2
1783,4,4.6308053234375635,5
1784,1,1.1257228863575346,1
1786,2,3.064402960346374,3
1787,3,3.0010221325055406,3
1788,1,1.7972262914604227,1
1789,1,1.0444513623425502,1
1790,1,2.376481152222383,2
1792,1,1.8028646155243349,1
1793,1,2.177674462376244,2
1794,2,2.38379677225692,2
1795,1,1.7444662925973053,1
1796,1,1.884948168185203,1
1797,1,1.9154600838543634,2
1798,3,3.2397459230759242,3
1799,5,4.16353232230263,5
1801,2,1.704613492040766,1
1805,1,1.4033187338411748,1
1807,1,1.463123379925387,1
1808,3,2.7414800915066326,3
1809,3,4.063518673388821,4
1810,3,2.9852769834231543,3
1811,3,1.12778198045105,1
1815,2,1.0946109070996186,1
1818,1,1.36679689254585,1
1819,1,1.5236021325467635,1
1820,1,1.5211854442576398,1
1821,1,3.206707702845244,3
1822,2,1.5782353441762067,1
1823,1,1.371912095719437,1
1825,1,1.2293622867946972,1
1826,2,2.495093304735538,2
1829,1,1.308020779519118,1
1830,4,3.5237240645707315,4
1831,1,1.0592930918291585,1
1832,5,4.730400590767727,5
1833,2,2.332158730994292,2
1836,3,3.1473892434044064,3
1839,2,1.562057688531446,1
1840,1,1.0839050975976443,1
1841,3,2.327604959674984,2
1842,1,3.188788603082282,3
1843,2,1.853435044769024,1
1844,1,1.8169254553143779,1
1845,4,3.836731241563558,4
1846,2,1.8049820075986012,1
1847,1,1.0094062393636158,1
1848,1,1.0474730289154695,1
1849,1,1.00558461814676,1
1850,2,2.1831559957134314,2
1852,1,1.1907150064967489,1
1853,1,1.9052659894090733,2
1854,1,1.1391128338628982,1
1855,1,1.1486781141459734,1
1856,2,2.331785058982413,2
1857,1,1.6815043650502393,1
1858,5,4.5579697626253415,5
1860,2,2.0266695678990376,2
1861,4,2.2243933701337566,2
1862,3,2.195280511073553,2
1863,3,2.3356593447742764,2
1864,3,2.5264217464172134,3
1866,2,1.6101950338445885,1
1867,1,1.2684891322800498,1
1868,1,1.284272043371505,1
1869,2,1.4289246240943974,1
1870,3,2.0206210165666953,2
1871,3,1.4402417982308569,1
1872,4,3.118383083191899,3
1874,1,2.0289576159971223,2
1875,2,1.4696516200866492,1
1876,1,2.084344835881603,2
1878,4,2.477944765313124,2
1879,3,1.7499746766853292,1
1880,1,2.0515467893739046,2
1881,2,1.1614873023420538,1
1882,4,4.075005881866579,4
1883,3,1.6267766529570618,1
1884,1,0.9688384738023418,1
1885,2,3.4438648749918337,4
1886,1,2.8747602848969396,3
1888,2,1.2643893554539434,1
1889,1,1.343895709130502,1
1891,1,1.0317990766957323,1
1892,2,2.7523630275998676,3
1897,2,1.2521639991051006,1
1898,1,2.0071024944887412,2
1899,1,1.440228429141424,1
1901,1,1.4325129059066337,1
1902,1,1.9691999559534192,2
1903,1,1.3925894434881534,1
1905,1,1.3597632728102422,1
1906,4,2.7528422087779485,3
1909,1,1.2482001338497275,1
1911,1,1.34868208862765,1
1912,1,1.7152031402353825,1
1913,1,1.369157781501056,1
1914,1,1.4666008716905221,1
1915,5,4.328134547504252,5
1916,4,2.3660791939926673,2
1917,1,1.7814713434788159,1
1918,1,1.7394307709575396,1
1919,2,2.763002892238357,3
1923,2,2.663131074964811,3
1924,1,1.0179911274853422,1
1926,4,1.4496595516050041,1
1927,1,2.0259983165982365,2
1928,4,2.4133086359726637,2
1929,3,2.7378664723356043,3
1930,1,1.6929060419695539,1
1932,5,3.38788431395212,4
1933,5,3.4489593714221076,4
1934,5,4.103413994759416,5
1935,5,3.0010521152568805,3
1936,4,2.7209702456978975,3
1938,5,3.0311650059835844,3
1939,5,2.4707069482933597,2
1940,5,2.7015737705799463,3
1941,2,1.3649487980787176,1
1942,4,2.05483881659593,2
1943,4,2.5752849849796284,3
1945,3,2.089721932857968,2
1946,4,3.7406688923984626,4
1947,1,2.2789056606072986,2
1948,4,2.7491013312888786,3
1950,5,4.075986336549662,4
1951,3,1.9377787178780286,2
1952,5,4.4361106057408906,5
1953,5,3.346259884131078,4
1954,4,2.9182517490930713,3
1956,2,2.23598851930738,2
1957,4,2.002793512398656,2
1958,1,1.0528747889269725,1
1959,1,0.963692087992658,1
1960,1,1.0051654595877915,1
1961,1,0.9931457395394531,1
1962,2,2.6370677597805354,3
1965,1,1.1026237083043848,1
1966,1,1.5475977766512299,1
1967,3,1.352970566668942,1
1968,3,1.7960691848818626,1
1970,2,1.9787313998201228,2
1973,2,1.239976127788705,1
1974,2,1.566607564499662,1
1975,2,2.377768770855431,2
1976,1,1.4930382740634907,1
1977,1,2.4111601401644682,2
1979,4,2.266286170133007,2
1980,2,1.439090814498808,1
1981,5,4.403135179896838,5
1982,5,4.0138226108010135,4
1983,2,1.2546263023581887,1
1984,1,1.862297956918639,1
1985,2,1.8432299068404776,1
1987,2,1.4625451390041346,1
1991,4,3.082638290283233,3
1994,1,1.1740085529148825,1
1995,1,1.1808698690568038,1
1996,1,2.8713982346510303,3
1997,2,1.8631384060138267,1
2000,3,1.92018761861133,2
2001,1,2.162552544517147,2
2002,3,2.691125094546112,3
2003,1,1.7416476757469828,1
2004,2,2.165603510369429,2
2005,5,4.395782881738368,5
2006,1,1.0335173575534653,1
2008,5,4.577477096426528,5
2009,2,2.446666337634238,2
2011,4,1.9179220491929967,2
2012,1,1.2051209834592984,1
2013,1,1.04665386296511,1
2014,3,2.8752200385874422,3
2015,1,1.189229377707219,1
2016,2,1.1813206395254976,1
2018,1,1.251146029949696,1
2019,1,1.5091122114298965,1
2020,1,1.6284768966593817,1
2021,5,3.0012674371037926,3
2023,1,1.6214331253043546,1
2024,2,1.422973575952451,1
2025,1,1.9698860740820519,2
2026,3,2.7445049267903077,3
2027,4,1.6045759861712212,1
2028,1,1.7651615223879658,1
2029,1,1.6970925763047247,1
2031,3,1.883500723805616,1
2034,1,2.5820814024763576,3
2035,1,1.7191752680285395,1
2036,1,1.7803370873959612,1
2038,1,3.2528959827695676,3
2039,1,1.7438434269745733,1
2040,1,1.4827549259586883,1
2042,1,2.722000987041121,3
2043,5,4.487883356003628,5
2044,1,1.3434493384782105,1
2045,4,3.0217486742454045,3
2046,1,2.192641726939441,2
2047,2,2.5947305957909457,3
2048,1,2.1551218036935227,2
2049,4,1.9387520519603654,2
2050,1,1.238368388018149,1
2051,4,2.879450493634121,3
2053,1,2.186490462424939,2
2054,1,1.1706690931429775,1
2055,1,1.7987346336685996,1
2056,1,1.9860878217531095,2
2058,3,1.4882185192806936,1
2063,2,2.7274256139172426,3
2065,1,0.9922608490544192,1
2067,1,1.2936114817510984,1
2068,3,2.1386917135338503,2
2069,3,2.930526349888701,3
2070,1,2.799198416184804,3
2071,1,1.9255495941452565,2
2072,3,3.6336321809506424,4
2073,3,2.793627085053616,3
2075,2,1.7755187879633605,1
2076,1,1.4948814443521081,1
2077,1,1.740826937044581,1
2079,4,1.5645797355690543,1
2080,2,2.323034722258323,2
2081,2,1.6387693556350058,1
2084,1,2.4124665898543456,2
2085,4,2.382138960073681,2
2086,1,1.3856262420282404,1
2088,3,1.664059303186791,1
2090,2,1.221551446679565,1
2091,1,1.5716719560512393,1
2092,2,2.7807268717252955,3
2094,1,2.339835013521992,2
2095,5,3.7831372350809174,4
2096,2,1.6883533983496661,1
2097,1,1.5636603949861654,1
2099,2,2.2326762644999176,2
2100,2,1.8527069964175686,1
2101,1,1.2273706764463186,1
2104,1,1.9232317687680365,2
2105,1,1.794781653189077,1
2107,3,1.4916041166751595,1
2108,1,1.3332362777976752,1
2109,1,1.741353748703882,1
2110,1,1.9931725588064704,2
2111,1,2.4415558033242477,2
2115,1,1.2563024634999629,1
2116,1,1.8628214330899702,1
2117,2,2.422273448475834,2
2118,1,1.019350053494574,1
2119,1,1.4163329233119561,1
2123,1,2.125047018567913,2
2124,1,1.3261458354076996,1
2125,1,1.6911419339657598,1
2126,3,1.5743842037234879,1
2127,2,2.5134801967650153,3
2128,4,2.889731562100429,3
2129,4,2.899834776278614,3
2131,1,1.396218769304406,1
2132,3,3.613564856245935,4
2133,5,4.8079781451704,5
2134,1,1.1219232560178403,1
2135,2,1.393356590493352,1
2137,3,2.4426849527377343,2
2138,1,1.0338082996851519,1
2139,1,0.9612359853499051,1
2140,2,1.7485098465918378,1
2141,1,2.0671437715432726,2
2142,5,3.256185549690945,4
2143,3,1.1126060972652312,1
2145,1,1.0821349804995846,1
2146,1,1.5268664134158403,1
2147,3,2.3543226052348785,2
2150,1,1.753619635911399,1
2151,1,2.067637570426528,2
2152,4,3.081356575097036,3
2155,3,1.6674424344887688,1
2157,1,2.1996075315664876,2
2158,1,1.6100075925074449,1
2159,1,1.15584802144137,1
2160,1,1.781676689579125,1
2162,1,2.127076522035192,2
2163,4,4.10772470209021,5
2164,1,1.6309512527527847,1
2166,3,2.220558361971139,2
2168,3,1.697480619471807,1
2169,3,2.7069794025439022,3
2170,1,1.4719506658506978,1
2171,5,3.539386085985021,4
2172,3,3.209152184719881,3
2173,1,1.181285513300403,1
2174,2,2.700736868070726,3
2175,4,2.1862793813153525,2
2176,3,1.5741555799732645,1
2177,1,1.2494955277380304,1
2178,2,2.0047850871373725,2
2179,2,2.43058731764178,2
2181,2,2.867844806357483,3
2182,1,1.7267319499919176,1
2183,5,4.696061984680234,5
2184,5,4.501979607288798,5
2185,1,1.308837842124495,1
2187,3,2.069823369206876,2
2189,2,2.4423358849544488,2
2192,1,1.2247776191295967,1
2193,1,1.5729540347568505,1
2195,3,2.105269470008697,2
2196,1,1.2799339751642962,1
2197,2,2.8909349270093916,3
2198,2,1.125654811106788,1
2200,1,1.0422530686127192,1
2201,1,2.5513677083454485,3
2202,2,2.0895442942834164,2
2203,3,1.9006575374858867,2
2204,1,2.292034383495487,2
2207,3,1.5193837123164984,1
2212,1,1.0119321835898636,1
2213,1,1.0960325291210955,1
2214,1,1.052281647386253,1
2215,2,1.3164655723784904,1
2216,1,1.0474110804565,1
2217,1,1.1167938980142424,1
2218,1,1.1586595595315987,1
2219,1,1.070560239359869,1
2220,1,1.028266680929508,1
2221,1,2.7401897650463227,3
2222,2,2.0058066176917753,2
2223,3,1.7694119029337527,1
2224,1,1.2445596037550217,1
2226,1,1.6962756936162933,1
2227,3,1.8930823899417837,2
2228,3,2.7594261719572555,3
2229,3,2.561109627499856,3
2231,1,1.2457287227976177,1
2232,2,2.2263957709209214,2
2233,1,1.5730096353048262,1
2234,2,1.7629594666764847,1
2235,1,1.3488157921377346,1
2236,1,2.4610621215962576,2
2238,1,1.1365808267346806,1
2239,1,1.7390723151846474,1
2240,4,2.9352318290986106,3
2241,1,1.9538909740638866,2
2242,4,2.757054874169728,3
2243,3,2.1664151323430283,2
2244,1,1.3064526422906857,1
2245,1,1.9252862117502019,2
2246,1,2.803627605395307,3
2248,1,1.3361486945719552,1
2249,1,1.284680609367117,1
2250,1,1.451811638195715,1
2252,2,2.1730505400683615,2
2253,4,1.5169057305858273,1
2254,3,2.8727768129870386,3
2255,2,2.3102266628851544,2
2256,3,1.921974218407449,2
2257,4,2.5502794158402824,3
2260,4,2.4395334722961195,2
2261,2,2.961500265100434,3
2263,1,1.8213231207628116,1
2267,1,1.345663708739795,1
2268,2,1.9559180939058782,2
2270,3,1.8044541806769947,1
2271,4,1.1997459349332278,1
2272,2,1.6610150959294179,1
2273,1,2.4328851271553082,2
2274,2,2.960097297380428,3
2276,1,1.1917814401914422,1
2278,1,3.536587719182843,4
2279,4,3.5620964467151257,4
2280,1,1.9857343502277387,2
2281,4,1.6036028877022588,1
2283,1,2.5651779042738165,3
2285,1,1.2509673940208903,1
2286,1,1.6506689037104347,1
2287,1,1.7310650039997353,1
2288,2,1.6395474660248672,1
2289,1,1.0259268251185822,1
2291,5,2.98698320998876,3
2293,1,1.5070588871982675,1
2294,1,1.0770427845930646,1
2295,1,1.0644225459849745,1
2297,1,1.2049923970206757,1
2298,3,1.8581691217995795,1
2299,1,0.9366677718980331,1
2300,1,0.9981627574758346,1
2301,1,1.037139127633471,1
2302,3,2.108687988277976,2
2303,1,3.0948918605044065,3
2306,3,2.2562078159397347,2
2307,2,1.2304230961484584,1
2308,1,1.129616843123774,1
2309,3,1.152358526773971,1
2310,2,2.0646341410549836,2
2311,1,1.0411011728220205,1
2312,1,1.6074873716119455,1
2313,1,1.4773701398060908,1
2314,3,1.9791972943549268,2
2315,1,1.5825052447540007,1
2316,1,1.8218317771782937,1
2317,3,3.0107616605473866,3
2318,2,2.213068055393503,2
2319,2,3.255720942752687,4
2320,2,1.8037234216976072,1
2321,4,1.7462551362421381,1
2323,2,2.9460092037246652,3
2324,1,1.268471329519738,1
2325,1,1.5554704570247306,1
2327,1,2.544534994236029,3
2328,4,2.692780553013917,3
2330,4,2.0201310871203244,2
2331,3,1.8313435346848213,1
2332,1,1.114564973534197,1
2333,2,1.3803260343630255,1
2334,1,2.096691683163671,2
2335,3,2.23792788002753,2
2336,1,1.2755153175671308,1
2337,2,1.2966699352257496,1
2338,1,2.8329765864261662,3
2340,3,2.057289933275843,2
2341,2,1.4323892500953297,1
2342,1,1.9049749450739164,2
2343,2,1.85395845201992,1
2345,1,1.1102666237782142,1
2347,3,1.6106277964546274,1
2348,1,2.1290400299081003,2
2349,1,1.3433286456982863,1
2350,1,1.3135233791139895,1
2351,2,1.3288153925095223,1
2352,1,1.2949933023698017,1
2353,1,2.0881740333162595,2
2355,3,1.8121165598152322,1
2359,1,1.1468164488907113,1
2361,2,1.9735190795028643,2
2362,1,3.9571279568969566,4
2363,1,1.2365883113948808,1
2364,1,1.1761882495381935,1
2365,1,1.3210044129472633,1
2366,2,1.4154581123139574,1
2367,1,1.158529135455738,1
2368,1,1.1989066782092792,1
2369,5,2.1276366533196143,2
2370,1,1.496273737703176,1
2371,2,1.7313825862096612,1
2372,1,1.4063031273086892,1
2373,2,1.920804408704369,2
2374,1,1.41995662697107,1
2375,1,1.8570476597485124,1
2376,1,1.12303862205365,1
2377,1,1.3485182342636948,1
2378,1,1.1971794854120352,1
2379,4,2.8283047395389405,3
2380,3,3.2964759404049224,4
2382,4,2.9321864084703093,3
2383,5,1.9284511282606014,2
2384,3,1.9262382353988918,2
2385,2,1.8639825760094013,1
2386,1,1.5244040559244312,1
2387,3,2.471874053062931,2
2388,1,1.3971832297014741,1
2389,2,2.289413148905605,2
2391,1,2.0278039300825874,2
2392,1,1.0476987901670154,1
2393,1,2.150581652684403,2
2394,1,1.2439029348719057,1
2395,1,1.6782293378502127,1
2396,2,1.2525963011724106,1
2398,1,1.4490958331412336,1
2399,3,2.84880376671082,3
2401,3,2.076065885365966,2
2402,1,1.5602392368474418,1
2403,1,1.2912126826692174,1
2404,2,1.3580463417522028,1
2405,3,2.0195855275576595,2
2407,4,3.2432029056654814,3
2411,1,1.0655452803877812,1
2412,3,2.607184095039663,3
2413,4,2.6708431427700496,3
2414,1,1.426753395379785,1
2415,1,1.6641317613656343,1
2416,3,2.8133285501936225,3
2417,1,1.6610803934465137,1
2418,1,1.2423818380595084,1
2422,2,1.5073776881652172,1
2425,3,1.9345217049667425,2
2426,1,1.3040684620156047,1
2427,3,1.5866924227834969,1
2429,1,1.2811561093283907,1
2431,1,1.3154996116678424,1
2433,1,1.069875894405327,1
2434,5,4.348756668491638,5
2435,4,2.411912344793943,2
2436,3,2.018979684460775,2
2439,1,1.831984644960952,1
2440,2,1.5651799977236611,1
2441,1,1.0237807415897762,1
2442,1,1.0963704740814035,1
2443,3,3.483545623940214,4
2444,1,2.447295829080893,2
2445,1,1.903782211902514,2
2447,1,1.799261987235226,1
2448,3,1.5037117087121825,1
2451,1,1.7481106594494058,1
2453,2,1.3779288374275347,1
2454,3,1.967110171309569,2
2455,1,1.2662323812479181,1
2456,4,2.4278712710481063,2
2457,1,1.5169981892889528,1
2458,1,1.5602857943241242,1
2459,1,1.1011924105787265,1
2461,2,2.7280954632385197,3
2462,1,1.5125488887935954,1
2463,1,1.2156728969487394,1
2464,3,1.266863659167334,1
2466,3,1.4706267968058755,1
2467,4,3.8133034860762387,4
2468,5,4.959799736146372,5
2472,1,1.6174737020973595,1
2473,1,1.4543099608341161,1
2474,1,1.3764035645235146,1
2478,4,1.9462312465736176,2
2479,1,2.8343042639822422,3
2480,5,4.366281810700995,5
2481,1,1.175941067714857,1
2482,3,1.086838356056176,1
2485,3,2.8391353084103024,3
2487,4,2.781234402643372,3
2488,2,2.036953007823909,2
2489,1,1.1615634003622288,1
2490,1,1.1578041183763441,1
2493,1,1.1161174626511687,1
2494,2,2.137121760001598,2
2496,1,1.4218771605489722,1
2498,4,2.43966250003813,2
2499,1,1.7402417091605733,1
2502,1,1.908289319159549,2
2503,2,3.2316933409481448,3
2504,1,1.6985872599559761,1
2506,2,2.5966486921919922,3
2508,1,2.318047605681942,2
2509,1,1.028621311984159,1
2510,3,2.6741001775591724,3
2511,2,2.087891159677339,2
2512,1,1.7044599848452202,1
2513,1,1.966256929300266,2
2515,4,2.462948347188927,2
2516,4,0.9961522757410421,1
2517,3,2.8433505338471967,3
2519,2,2.143393570541746,2
2520,1,1.919526023837228,2
2521,4,1.699604918440417,1
2522,2,1.1728640249943298,1
2523,1,2.2035911346974544,2
2525,1,1.079157426659094,1
2526,1,1.7867671023997027,1
2527,2,1.3865148394982598,1
2528,2,2.696281650448062,3
2530,1,1.6221506151224336,1
2531,2,2.0570458604601725,2
2532,1,1.3710981680899255,1
2533,3,2.3447003991999513,2
2536,1,1.0827111159136495,1
2539,1,1.538079661093939,1
2540,1,2.544413243598796,3
2541,3,2.217426483075905,2
2543,1,1.3686482991240196,1
2545,2,1.064991345111734,1
2546,2,1.0377318391108519,1
2547,1,2.0438479955216824,2
2548,2,1.6167049480271145,1
2550,4,3.1102065775307923,3
2552,1,1.1889302226792169,1
2553,3,2.0002214187049887,2
2554,2,1.9935001163626427,2
2555,1,1.600992241597575,1
2556,1,1.1208968814969285,1
2557,2,1.7927014080525552,1
2558,3,3.5358309242642876,4
2559,1,1.289507606118638,1
2560,1,1.2639944181871368,1
2561,1,1.2574972278019838,1
2563,1,1.877092202977561,1
2564,4,3.636592361936937,4
2565,1,2.2374883129321477,2
2566,2,1.9229637562079487,2
2567,1,1.948856302399899,2
2568,2,1.2371756250575139,1
2569,2,2.470526598250192,2
2571,1,2.2633326521258534,2
2574,1,0.9851215498146284,1
2575,3,3.5783501723594795,4
2576,2,1.514320705338514,1
2578,3,1.7378967837263073,1
2579,1,1.3027358517597485,1
2580,1,2.30240783061808,2
2581,1,1.4463022965352095,1
2582,1,1.1704947508101688,1
2584,3,1.5734152836647433,1
2585,2,1.2612447133688989,1
2586,1,2.1334018579586522,2
2587,1,2.086714046279507,2
2588,4,2.8576899521696264,3
2590,3,1.9652172954946174,2
2592,2,2.908176302887483,3
2594,1,1.8603285779260648,1
2595,3,2.484914640372209,2
2596,1,1.183397862973569,1
2598,3,4.095086791408967,4
2599,2,1.3785702286081827,1
2601,3,2.9612171339810502,3
2602,5,3.6358168113822535,4
2604,2,2.2216311197503176,2
2605,4,1.720767011510413,1
2606,2,1.0627041369458885,1
2607,1,1.2696422349077838,1
2608,3,3.010678140936784,3
2609,1,3.715970693632424,4
2610,2,1.334298731817069,1
2611,3,3.3952188679208333,4
2612,1,1.162314849434164,1
2613,1,1.0471095878353318,1
2614,1,1.525573935723905,1
2615,2,1.1215643600996221,1
2616,1,1.3965647469830196,1
2617,1,1.6566488766955563,1
2618,2,2.8040321459248982,3
2619,2,1.4602320397071464,1
2621,3,1.2607131350194587,1
2623,1,1.0639762625101163,1
2624,1,1.9665084175729783,2
2626,3,2.2812077681194793,2
2627,1,1.1349494196001801,1
2628,5,4.969545405268266,5
2629,1,1.3890341817811214,1
2630,1,1.233382203771675,1
2631,1,1.7151712169339115,1
2632,4,1.6792640650394939,1
2633,2,1.152216518949151,1
2634,1,1.2832454621044367,1
2636,3,3.1077252014675074,3
2637,1,2.1709580134520787,2
2638,4,2.991227025676901,3
2640,3,2.2759245567702457,2
2642,3,2.0065514500322035,2
2644,3,2.524311426559765,3
2645,1,2.088268963753928,2
2646,1,1.0399263138548582,1
2647,2,2.3091993946684664,2
2648,2,2.9062507661347383,3
2649,1,1.537975590971355,1
2651,1,2.733393652576527,3
2652,4,3.577346624146668,4
2655,1,1.3251965184401078,1
2659,3,1.5347835674685542,1
2660,2,2.1077491355155917,2
2661,2,1.273142436504869,1
2662,1,1.6886790635888735,1
2663,3,2.9586971755672793,3
2665,2,1.6078813047219465,1
2667,2,2.240732721491004,2
2668,1,1.3395995427467737,1
2669,1,1.5468386702911283,1
2670,1,1.117670262790099,1
2671,3,1.8659584487882086,1
2672,1,1.1007159098004748,1
2673,2,1.7573976739455115,1
2674,3,3.094693382678896,3
2675,4,4.398500003538521,5
2677,2,2.297430476912321,2
2678,1,3.1060834542103835,3
2679,1,1.3535963543190843,1
2680,3,3.0181972091714595,3
2681,2,1.7204182574007891,1
2682,1,1.166849161284661,1
2683,1,1.4760267549023465,1
2684,2,3.21059186160842,3
2686,1,1.6433254674360693,1
2687,4,3.7897692726505863,4
2688,1,1.0240608814632872,1
2694,1,1.3371529532681337,1
2695,1,1.1485591826697348,1
2696,1,1.8095263213639334,1
2697,2,1.2673806521691628,1
2698,1,2.2197003399011215,2
2699,2,1.5568295799568126,1
2700,3,3.7384822740170263,4
2701,1,1.3156193598125359,1
2703,2,1.188340122808897,1
2704,2,1.3749659278137611,1
2705,1,1.220360837069217,1
2706,1,1.1291166766453975,1
2708,1,2.337219601713963,2
2710,3,3.34360729747067,4
2711,2,2.1181029356723746,2
2713,1,1.8855220168502929,1
2715,3,1.3223349364725512,1
2716,2,1.7228027681812144,1
2717,1,1.821013293165527,1
2718,1,1.2255986371421814,1
2719,4,2.6528441773360707,3
2720,3,1.2506187584939674,1
2721,1,1.4627332281737435,1
2722,1,1.9015602376147225,2
2723,1,1.1017001940610782,1
2724,1,1.32682485841012,1
2725,1,1.1125127339472287,1
2726,2,2.44506762214718,2
2727,2,1.9346552671606516,2
2728,3,1.7527033319142273,1
2729,1,1.512230898222877,1
2731,4,1.6954311460230824,1
2732,1,1.3276906608281602,1
2733,2,1.9000444373565772,2
2735,1,1.0316317564887616,1
2737,2,1.8436404126552413,1
2738,2,2.5638515821590744,3
2739,3,2.912984847397755,3
2740,2,1.1452858658348346,1
2741,1,1.2406025657109674,1
2742,4,3.627413290948123,4
2743,2,1.2074627283980814,1
2744,1,0.9942347383113893,1
2745,3,2.2272684496677586,2
2747,2,2.132288413711535,2
2748,3,2.6678267484434235,3
2749,4,3.332821602580893,4
2750,4,3.921460046391646,4
2751,2,2.0847592463717564,2
2752,3,3.274229711348964,4
2753,1,2.051541185672108,2
2754,4,3.917680299104205,4
2755,2,2.179346579137995,2
2756,3,2.52647742026025,3
2757,2,3.0522099353531305,3
2758,4,2.0250870681261492,2
2759,1,1.4912569967360223,1
2760,1,2.1468214190761397,2
2761,2,2.84630296733795,3
2762,1,1.818026382707275,1
2763,1,1.7521925450263691,1
2764,2,3.0083469949476114,3
2765,2,2.4912126852008467,2
2766,1,1.9472341341355262,2
2768,1,1.2310619795378583,1
2770,4,3.8655681704026876,4
2771,2,2.1272777925223636,2
2772,5,4.255249431969068,5
2773,2,1.5998148274226602,1
2774,1,2.7234884107221307,3
2775,1,1.2514236729909538,1
2776,1,1.6567114876090703,1
2777,1,1.3388568667143859,1
2778,2,1.6678570077700365,1
2779,3,3.5399048754888542,4
2780,1,1.2391453283927263,1
2781,1,1.0806301850160351,1
2783,1,2.1102381512533475,2
2784,2,2.1928404659635334,2
2785,1,2.179965468033373,2
2787,1,1.23128135783661,1
2788,2,1.9797971653068216,2
2790,4,4.369690745699148,5
2792,2,1.5145446748971696,1
2794,2,1.6554886037898693,1
2795,5,4.605648398030667,5
2797,2,1.6787921251471134,1
2798,1,1.2179631824601556,1
2799,1,1.354095369242622,1
2800,3,1.7256766172737708,1
2801,2,2.3611770275540738,2
2802,1,1.6081631877609046,1
2803,1,1.079224560798999,1
2804,1,1.011512908933808,1
2806,2,1.5163437021521797,1
2807,2,1.364624502881821,1
2809,1,1.9230971432002713,2
2811,1,1.021405148989271,1
2812,1,1.1032742810139864,1
2813,2,2.034128980053503,2
2815,3,3.552651875330038,4
2816,2,1.1296422840699456,1
2817,3,1.8946500504445982,2
2818,2,1.323366983750753,1
2820,1,1.6352499436128467,1
2821,4,3.6159943312844263,4
2823,1,1.857188969013131,1
2824,2,2.146068247230337,2
2825,1,1.6901143116264272,1
2827,3,2.7569639004758177,3
2830,3,1.9511215006160012,2
2831,1,1.5645823863586166,1
2832,2,1.9057177812435848,2
2833,1,1.5734070917621914,1
2835,4,3.2025925724407305,3
2837,1,1.4794238370918404,1
2838,2,2.303359915092982,2
2839,1,2.583164792535475,3
2840,1,1.383799308614763,1
2841,1,1.6450817132544344,1
2842,1,1.1326714050166928,1
2845,1,1.614615551198265,1
2846,4,3.2777744541285982,4
2849,1,1.2046315480090783,1
2850,2,1.573230823787704,1
2851,2,1.5422373559624445,1
2852,3,2.0982289443294975,2
2853,2,1.2943493249372102,1
2856,1,1.1399463839689765,1
2857,2,1.9534751542497057,2
2858,1,2.704968424289151,3
2859,2,2.325052580960123,2
2860,1,1.2169890991582981,1
2861,3,1.4712611604818813,1
2862,2,1.914007601200937,2
2864,2,2.212790545141476,2
2865,1,1.1024242782779874,1
2867,1,1.7522912830516986,1
2869,1,2.4150428806791266,2
2870,1,0.9446777596953178,1
2872,1,1.6090290651831798,1
2873,3,2.931647684255726,3
2874,1,1.236617374181495,1
2875,1,2.517815203460055,3
2879,2,3.3936559714112327,4
2881,1,2.2169647171714444,2
2882,3,2.2632615171872223,2
2883,1,2.2354737159135865,2
2885,2,2.0411450754211864,2
2886,3,2.2992193521622184,2
2887,3,3.1728635173816846,3
2888,2,2.6089131310170273,3
2890,1,2.9045441717925473,3
2891,4,2.915613699240749,3
2892,1,1.9367123835643119,2
2894,2,2.2595415475712444,2
2895,1,1.7826935256766352,1
2897,4,2.6707708111965065,3
2899,3,1.9650956504806039,2
2901,4,2.4799695137643347,2
2902,3,2.070731463833815,2
2904,1,1.3395074450935633,1
2906,2,1.8040863939722218,1
2907,1,1.3827848762182706,1
2908,1,1.0147385878567048,1
2909,4,2.464326693820262,2
2910,3,1.32494207446759,1
2911,1,1.1182276316552988,1
2914,2,1.3678241003614264,1
2915,4,1.9848012990704538,2
2916,2,1.0758513865499435,1
2918,1,1.4806358075703396,1
2919,2,1.812397441880444,1
2921,3,2.5813545628871633,3
2922,1,1.046224104725212,1
2923,1,2.0094410628906476,2
2924,2,2.4270634532052373,2
2925,2,1.4484833795553491,1
2926,1,1.3079238976316245,1
2927,2,1.2497002771609655,1
2928,2,1.4069318336688261,1
2929,1,1.6621269007562212,1
2930,4,1.9268698147188934,2
2932,1,1.6878110044615757,1
2934,1,1.4185383640010445,1
2935,1,1.933449907875991,2
2936,2,2.079966489328024,2
2937,4,4.280511260805434,5
2938,2,1.273755485694129,1
2939,4,2.991457151547788,3
2940,1,1.1105224131943037,1
2941,2,2.5910612464924663,3
2942,1,1.2781443086706863,1
2943,1,1.4689135347280355,1
2944,2,1.2533549595445925,1
2945,3,1.2036918131142273,1
2946,5,3.424440341940311,4
2948,2,1.7812613110070612,1
2949,1,1.0340004975392838,1
2950,1,1.66362573470063,1
2952,1,1.2309817343281166,1
2953,2,1.4412859631214734,1
2954,1,2.2199727901855906,2
2955,2,2.278199693848146,2
2957,3,2.3519369242611097,2
2958,2,1.8806941950692406,1
2960,4,2.953200759982975,3
2961,1,1.6326263333890463,1
2963,1,1.921752716657857,2
2964,1,2.9130774707397764,3
2965,3,2.365667146793753,2
2966,1,1.2159311601838918,1
2969,2,2.4674331683223385,2
2970,3,1.6266209404865437,1
2971,1,1.5488455685649678,1
2972,3,1.8453402912383081,1
2974,2,3.2407848769379126,3
2975,4,3.0894960430869984,3
2976,1,1.2312555088254047,1
2977,2,1.6289053569878424,1
2978,2,1.9915307198634955,2
2979,1,1.4553950814196004,1
2980,2,1.0964380160112686,1
2981,1,2.849616019556119,3
2982,1,1.562121727631601,1
2984,1,0.9815563528956125,1
2985,4,4.3470115957355,5
2986,2,1.4124958561408114,1
2990,3,2.286817842541246,2
2991,1,1.8636940680806549,1
2992,1,1.4554256796543907,1
2993,1,1.2887533644373041,1
2995,4,1.7121164534133413,1
2996,1,1.3042063491210631,1
2997,1,1.3251752842233746,1
2998,1,2.077026291380982,2
2999,2,1.6798019024107864,1
3000,1,1.337739468821012,1
3002,1,1.6088378380736092,1
3003,1,1.1133010186136318,1
3004,1,1.9714678337825964,2
3006,1,1.1754723597854573,1
3007,2,2.7962873915737188,3
3009,3,1.9093003224896459,2
3010,4,2.120289359628355,2
3011,2,2.102229803427484,2
3012,3,2.9593479202704036,3
3013,1,1.0481770745220467,1
3014,1,1.498065575361368,1
3016,1,1.5809487872662873,1
3017,1,2.523933340462943,3
3019,4,2.861227240381728,3
3020,2,1.7083892434355619,1
3021,1,2.6907667713732466,3
3022,5,4.6749521715965985,5
3023,1,1.6700494317366847,1
3024,1,1.9562616905000614,2
3025,2,3.0532803857670667,3
3026,1,1.7197070872315143,1
3027,1,1.0032050319200554,1
3029,1,1.4892377589928252,1
3030,3,2.557147772782557,3
3031,1,2.2421175138471443,2
3032,2,1.174113871173207,1
3033,1,2.107741059946131,2
3036,1,1.2352073142087037,1
3037,1,1.3747177431362105,1
3038,2,1.2956311247669563,1
3039,3,1.7124774058410281,1
3040,1,1.1112370718078637,1
3041,3,1.5503518721666685,1
3042,1,1.0662153460595973,1
3043,1,1.726005605941991,1
3044,1,1.7729708569210725,1
3045,2,1.3245360631004879,1
3046,2,2.4228918180735586,2
3047,3,2.7253953125101638,3
3048,2,1.8604022731303802,1
3049,5,2.5361128411092535,3
3050,2,2.286883224128976,2
3052,2,1.3278075850937059,1
3054,1,2.6490468287482334,3
3055,1,2.1573222610828924,2
3056,1,1.5288850726659866,1
3057,2,1.2465026024606387,1
3058,5,3.9694921614720307,4
3061,4,4.010830421906689,4
3062,4,2.1101868984289247,2
3064,1,1.4444264203536228,1
3065,1,1.9434459333477745,2
3066,1,1.1224449737708517,1
3067,2,1.0481818485807506,1
3068,3,2.8814070787719563,3
3070,1,1.8806878768816633,1
3071,1,1.7202603302343622,1
3072,1,1.3815946815583842,1
3073,3,2.6996610716742606,3
3074,3,2.9872228165585066,3
3075,3,2.780282997556645,3
3076,1,1.919883637128753,2
3078,1,1.4589973756316494,1
3081,3,1.9123507713459313,2
3082,2,3.0520947219886065,3
3083,2,2.27988002408961,2
3086,3,3.021165088612805,3
3087,5,3.510754288788076,4
3088,5,4.250959332744536,5
3089,1,1.5064526012425055,1
3090,3,0.9845809795231532,1
3091,1,1.2608503966484912,1
3092,2,2.389009529623459,2
3093,1,0.9724064377128814,1
